owner_id,age,gender,city_district,quarter,primary_breed,is_hybrid,secondary_breed,is_secondary_hybrid,breed_type,dog_yob,dog_gender,dog_color,dog_dob
5348,61-70,m,7,74,Magyar Viszla,NA,NA,NA,I,2005,w,gelb,2005-02-10
6314,61-70,m,10,101,Jack Russel Terrier,NA,NA,NA,K,2005,w,tricolor,2005-06-10
6594,51-60,m,7,72,Staffordshire Bull Terrier,NA,NA,NA,II,2005,w,mahagoni/weiss,2005-11-10
12349,61-70,m,4,41,English Springer Spaniel,NA,NA,NA,I,2005,m,braun/weiss,2005-01-10
13193,51-60,m,11,111,Langhaardackel,NA,NA,NA,K,2005,w,hellbraun,2005-05-10
21865,61-70,m,6,61,Foxterrier,NA,NA,NA,K,2005,m,tricolor,2005-11-10
60397,51-60,m,7,74,Deutscher Schäfer,NA,NA,NA,I,2005,w,grau/schwarz,2005-07-10
65713,61-70,w,2,21,Lagotto Romagnolo,NA,NA,NA,I,2005,w,braun,2005-01-10
80127,41-50,w,10,101,American Bulldog,NA,NA,NA,I,2005,w,weiss,2005-11-10
80168,61-70,m,11,119,Labrador Retriever,NA,NA,NA,I,2005,m,beige,2005-12-10
80205,41-50,m,5,51,Beauceron,NA,NA,NA,I,2005,m,black/tan,2005-09-10
80306,61-70,m,9,91,Border Terrier,NA,NA,NA,K,2005,m,grau/braun,2005-03-10
80351,81-90,w,3,33,Bearded Collie,NA,NA,NA,I,2005,w,braun/weiss,2005-05-10
80404,61-70,m,7,72,Rottweiler,NA,NA,NA,I,2005,w,schwarz,2005-09-10
80516,51-60,m,3,33,Malteser,Mischling,NA,NA,K,2005,w,weiss/braun,2005-12-10
80530,81-90,w,2,21,Pudel,NA,NA,NA,K,2005,w,schwarz,2005-01-10
80618,71-80,w,8,83,Irish Terrier,NA,NA,NA,I,2005,w,rot,2005-04-10
80631,71-80,w,11,115,Tervueren,NA,NA,NA,I,2005,w,braun/schwarz,2005-08-10
80719,61-70,w,11,111,Parson Terrier,Mischling,NA,NA,K,2005,m,beige,2005-01-10
80734,71-80,w,2,24,Basset Griffon vendéen,NA,NA,NA,I,2005,w,zobel/weiss,2005-01-10
80884,71-80,w,7,74,Cocker Spaniel,NA,NA,NA,K,2005,w,weiss/orange,2005-07-10
80885,81-90,m,7,72,West Highland White Terrier,NA,NA,NA,K,2005,w,weiss,2005-01-10
81018,81-90,w,10,101,Tervueren,NA,NA,NA,I,2005,w,braun,2005-12-10
81050,61-70,w,5,52,Labrador Retriever,NA,NA,NA,I,2005,m,schwarz,2005-10-10
81274,91-100,m,9,92,Labrador Retriever,Mischling,NA,NA,I,2005,w,schwarz,2005-05-10
81346,61-70,w,7,71,Terrier,Mischling,NA,NA,K,2005,w,tricolor,2005-07-10
81380,81-90,m,12,121,Pudel,NA,NA,NA,K,2005,w,silber,2005-02-10
81437,71-80,w,7,74,Mischling klein,NA,NA,NA,K,2005,w,schwarz/braun,2005-02-10
81648,41-50,w,10,101,Chihuahua,NA,NA,NA,K,2005,m,schwarz/weiss,2005-03-10
81733,61-70,m,11,115,Jack Russel Terrier,Mischling,NA,NA,K,2005,m,tricolor,2005-03-10
81878,71-80,w,7,73,Zwergrauhaardackel,NA,NA,NA,K,2005,w,schwarz/braun,2005-11-10
82053,61-70,w,11,111,Rauhaar Dackel,NA,NA,NA,K,2005,m,schwarz/braun,2005-01-10
82063,71-80,w,11,111,Mops,NA,NA,NA,K,2005,w,beige,2005-10-10
82091,41-50,m,7,72,Irish Terrier,NA,NA,NA,I,2005,w,rot,2005-12-10
82190,61-70,w,10,101,Mischling klein,NA,NA,NA,K,2005,m,weiss/braun,2005-01-10
82193,71-80,w,7,73,Mischling klein,NA,NA,NA,K,2005,w,beige,2005-06-10
82398,51-60,w,11,111,Bergamasker,NA,Maremmano,NA,I,2005,w,braun,2005-08-10
82450,71-80,w,7,74,Mischling klein,NA,NA,NA,K,2005,w,braun/weiss,2005-06-10
82452,61-70,w,10,102,Dachshund,NA,NA,NA,K,2005,w,rot,2005-02-10
82452,61-70,w,10,102,Dachshund,NA,NA,NA,K,2005,w,schwarz/rot,2005-12-10
82478,61-70,m,9,92,Schäfer,NA,NA,NA,I,2005,m,weiss,2005-02-10
82506,51-60,w,4,44,Yorkshire Terrier,NA,NA,NA,K,2005,m,tricolor,2005-01-10
82590,61-70,w,7,74,Golden Retriever,Mischling,NA,NA,I,2005,w,rot/braun,2005-07-10
82646,61-70,m,11,115,Toypudel,NA,NA,NA,K,2005,w,apricot,2005-02-10
82662,41-50,w,7,74,Tibet Terrier,NA,NA,NA,K,2005,w,zobel,2005-08-10
82699,71-80,w,7,72,Gos d'Atura Català,NA,NA,NA,I,2005,m,zobel,2005-02-10
82753,61-70,w,6,63,Labrador Retriever,NA,NA,NA,I,2005,w,gelb,2005-09-10
82867,81-90,w,2,21,Pudel,Mischling,NA,NA,K,2005,m,weiss,2005-01-10
83090,71-80,w,3,31,Golden Retriever,NA,NA,NA,I,2005,w,golden,2005-06-10
83129,71-80,m,6,61,Leonberger,Mischling,NA,NA,I,2005,w,braun,2005-07-10
83180,51-60,w,2,24,Jack Russel Terrier,NA,NA,NA,K,2005,m,weiss/rot,2005-01-10
83313,61-70,w,9,92,Dogge,Mischling,NA,NA,I,2005,m,schwarz/weiss,2005-03-10
83364,71-80,w,4,44,Pinscher,Mischling,NA,NA,K,2005,w,braun/schwarz,2005-04-10
83379,81-90,w,9,92,Yorkshire Terrier,NA,NA,NA,K,2005,w,schwarz/braun/grau,2005-08-10
83464,51-60,w,10,102,Podenco,NA,Galgo,NA,I,2005,m,beige/weiss,2005-11-10
83526,81-90,w,11,119,Schäfer,Mischling,NA,NA,I,2005,w,schwarz/braun,2005-10-10
83531,51-60,w,8,81,Bergamasker,NA,Labrador Retriever,NA,I,2005,m,schwarz/weiss,2005-11-10
83680,41-50,w,9,92,Chihuahua,NA,NA,NA,K,2005,m,black/tan,2005-10-10
83697,41-50,w,11,111,Welsh Corgi Cardigan,NA,NA,NA,K,2005,w,braun/weiss,2005-02-10
83737,41-50,w,9,91,Akita Inu,NA,NA,NA,I,2005,w,rot,2005-05-10
83933,61-70,w,9,92,Mischling klein,NA,NA,NA,K,2005,w,schwarz/braun/weiss,2005-12-10
83984,71-80,m,8,81,West Highland White Terrier,NA,NA,NA,K,2005,m,weiss,2005-03-10
84044,61-70,w,3,33,Deutscher Schäfer,NA,NA,NA,I,2005,m,grau,2005-03-10
84128,71-80,m,9,91,Appenzeller,Mischling,NA,NA,I,2005,m,tricolor,2005-11-10
84150,51-60,w,2,21,Petit Basset Griffon,NA,NA,NA,K,2005,w,tricolor,2005-03-10
84250,71-80,w,6,63,Shih Tzu,NA,NA,NA,K,2005,w,schwarz/weiss/beige,2005-02-10
84311,61-70,w,7,71,Labrador Retriever,NA,NA,NA,I,2005,m,gelb,2005-09-10
84382,61-70,w,10,102,Vizsla,NA,NA,NA,I,2005,m,gelb,2005-05-10
84419,71-80,m,3,33,Vorstehhund,Mischling,NA,NA,I,2005,w,weiss/braun/schwarz,2005-03-10
84430,61-70,w,6,61,Pudel,NA,NA,NA,K,2005,w,weiss,2005-07-10
84607,41-50,w,2,21,Lagotto Romagnolo,NA,NA,NA,I,2005,m,weiss,2005-07-10
84610,51-60,w,7,74,Mischling klein,NA,NA,NA,K,2005,w,schwarz,2005-01-10
84694,61-70,w,12,123,Toypudel,NA,NA,NA,K,2005,w,schwarz,2005-11-10
84732,61-70,m,10,101,Kooiker,NA,NA,NA,K,2005,w,weiss/braun,2005-12-10
84906,61-70,w,10,101,Collie,NA,NA,NA,I,2005,w,gold/sable,2005-12-10
85017,61-70,w,9,91,Yorkshire Terrier,NA,NA,NA,K,2005,w,blue/tan,2005-08-10
85021,71-80,w,10,102,Flat Coated Retriever,NA,NA,NA,I,2005,w,schwarz,2005-03-10
85065,71-80,m,2,24,Mischling klein,NA,NA,NA,K,2005,w,zimt,2005-06-10
85210,41-50,m,11,119,Podenco,Mischling,NA,NA,I,2005,m,braun/weiss,2005-03-10
85245,71-80,w,9,92,Golden Retriever,NA,NA,NA,I,2005,w,golden,2005-04-10
85245,71-80,w,9,92,Mischling klein,NA,NA,NA,K,2005,w,tricolor,2005-10-10
85379,61-70,m,3,31,Appenzeller,NA,NA,NA,I,2005,w,schwarz/braun/weiss,2005-03-10
85433,51-60,w,11,111,Mops,NA,NA,NA,K,2005,m,beige,2005-04-10
85443,61-70,m,10,101,Jack Russel Terrier,Mischling,NA,NA,K,2005,m,weiss/braun,2005-08-10
85485,51-60,w,11,119,Whippet,NA,NA,NA,I,2005,w,gemischt,2005-01-10
85485,51-60,w,11,119,Whippet,NA,NA,NA,I,2005,m,gestromt,2005-05-10
85524,71-80,w,7,74,Mischling klein,NA,NA,NA,K,2005,m,hellbraun,2005-09-10
85526,81-90,w,11,115,Golden Retriever,NA,NA,NA,I,2005,w,golden,2005-02-10
85581,51-60,w,4,42,Labrador Retriever,NA,NA,NA,I,2005,w,schwarz,2005-11-10
85666,71-80,w,11,111,West Highland White Terrier,NA,NA,NA,K,2005,w,weiss,2005-12-10
85672,61-70,w,11,119,Collie,Mischling,NA,NA,I,2005,w,braun,2005-07-10
85869,41-50,w,6,61,Dalmatiner,NA,NA,NA,I,2005,m,schwarz/weiss,2005-04-10
86105,81-90,w,3,31,Malteser,NA,NA,NA,K,2005,m,weiss,2005-01-10
86127,71-80,m,2,24,Norwich Terrier,NA,NA,NA,K,2005,m,rot,2005-09-10
86127,71-80,m,2,24,Norwich Terrier,NA,NA,NA,K,2005,m,rot,2005-02-10
86369,31-40,w,7,73,Mops,NA,NA,NA,K,2005,w,schwarz,2005-09-10
86799,61-70,m,8,81,Beagle,Mischling,NA,NA,K,2005,m,tricolor,2005-09-10
86805,41-50,m,6,63,Petit Basset Griffon,NA,NA,NA,K,2005,m,tricolor,2005-12-10
87063,71-80,w,6,61,Mischling klein,NA,NA,NA,K,2005,w,weiss,2005-05-10
87512,31-40,w,3,34,Golden Retriever,NA,Boxer,NA,I,2005,w,hellbraun,2005-12-10
87526,51-60,w,7,74,Foxterrier,NA,NA,NA,K,2005,m,tricolor,2005-10-10
87593,71-80,m,9,91,American Cocker Spaniel,NA,NA,NA,K,2005,w,blondfarben,2005-11-10
87913,41-50,w,12,121,Shih Tzu,NA,NA,NA,K,2005,w,gold/weiss,2005-01-10
87940,71-80,m,7,74,Labrador Retriever,Mischling,NA,NA,I,2005,m,schwarz,2005-08-10
88143,51-60,w,9,91,Mittelpudel,NA,NA,NA,K,2005,m,schwarz,2005-08-10
88250,31-40,w,7,74,Sibirischer Husky,NA,NA,NA,I,2005,w,silbergrau,2005-01-10
88311,51-60,w,12,122,Yorkshire Terrier,NA,NA,NA,K,2005,m,steelblue/tan,2005-07-10
88348,31-40,w,12,123,Mittelschnauzer,NA,NA,NA,I,2005,m,schwarz,2005-08-10
88376,31-40,w,7,72,Labrador Retriever,NA,NA,NA,I,2005,w,schwarz,2005-01-10
88390,61-70,w,9,91,Bergamasker,NA,Schäfer,NA,I,2005,m,schwarz/braun/grau,2005-08-10
88395,41-50,w,6,61,Japan Chin,NA,NA,NA,K,2005,m,weiss/schwarz,2005-03-10
88406,31-40,w,9,91,Jack Russel Terrier,NA,NA,NA,K,2005,w,tricolor,2005-01-10
88426,51-60,m,1,11,Belgischer Schäfer,Mischling,NA,NA,I,2005,w,schwarz,2005-08-10
88441,31-40,w,2,21,Kleinspitz,NA,NA,NA,K,2005,w,hellbraun,2005-02-10
88444,51-60,w,7,73,Cairn Terrier,NA,NA,NA,K,2005,m,brindle,2005-12-10
88480,61-70,m,8,83,Dalmatiner,NA,NA,NA,I,2005,m,schwarz/weiss,2005-04-10
88481,71-80,w,10,101,Jack Russel Terrier,NA,NA,NA,K,2005,w,weiss/schwarz/braun,2005-10-10
88494,61-70,w,12,123,Coton de Tulear,NA,NA,NA,K,2005,m,weiss,2005-09-10
88496,41-50,m,8,81,Continental Bulldog,NA,NA,NA,I,2005,w,weiss/schwarz/braun,2005-02-10
88505,31-40,m,10,101,Labrador Retriever,NA,NA,NA,I,2005,m,schwarz,2005-07-10
88508,61-70,w,10,102,Lagotto Romagnolo,NA,NA,NA,I,2005,w,weiss,2005-01-10
88521,71-80,w,12,122,Border Terrier,NA,NA,NA,K,2005,w,rot/schwarz,2005-04-10
88531,41-50,w,2,24,Mischling klein,NA,NA,NA,K,2005,w,grau/weiss,2005-03-10
88542,61-70,m,7,73,Border Collie,NA,NA,NA,I,2005,w,schwarz/weiss,2005-02-10
88543,41-50,w,10,101,Altdeutscher Hütehund,NA,NA,NA,I,2005,w,schwarz/grau,2005-12-10
88547,41-50,m,3,34,Rhodesian Ridgeback,NA,NA,NA,I,2005,w,rotbraun,2005-01-10
88559,61-70,w,8,82,Zwergpudel,NA,NA,NA,K,2005,w,schwarz,2005-01-10
88571,51-60,w,3,33,Collie,NA,NA,NA,I,2005,w,blue/merle,2005-08-10
88575,51-60,w,12,122,Labrador Retriever,NA,NA,NA,I,2005,m,schwarz,2005-09-10
88595,21-30,w,12,121,Papillon,Mischling,NA,NA,K,2005,w,rot/schwarz,2005-04-10
88601,61-70,m,6,61,Labrador Retriever,NA,NA,NA,I,2005,m,schwarz,2005-10-10
88609,61-70,w,1,13,Shiba Inu,NA,NA,NA,K,2005,m,rot/weiss,2005-11-10
88614,51-60,w,7,72,Flat Coated Retriever,NA,NA,NA,I,2005,w,schwarz,2005-08-10
88616,41-50,m,3,33,Tibet Terrier,NA,NA,NA,K,2005,m,schwarz/weiss,2005-09-10
88618,51-60,m,7,71,Foxterrier,NA,NA,NA,K,2005,w,weiss/braun,2005-12-10
88625,51-60,w,2,21,Lhasa Apso,NA,NA,NA,K,2005,w,zobel,2005-07-10
88627,51-60,m,2,21,Labrador Retriever,NA,Schäfer,NA,I,2005,m,hellbraun,2005-01-10
88628,61-70,w,2,23,English Cocker Spaniel,NA,NA,NA,K,2005,m,tricolor,2005-05-10
88632,71-80,w,8,82,Tibet Terrier,NA,NA,NA,K,2005,w,zobel/weiss,2005-04-10
88634,41-50,w,4,41,Jack Russel Terrier,NA,NA,NA,K,2005,m,tricolor,2005-10-10
88642,81-90,m,10,102,Chow Chow,Mischling,NA,NA,I,2005,m,rotbraun,2005-08-10
88654,51-60,w,6,61,Basset Griffon vendéen,NA,NA,NA,I,2005,w,weiss/braun/schwarz,2005-07-10
88657,61-70,w,3,33,Cairn Terrier,NA,NA,NA,K,2005,w,rot,2005-01-10
88663,61-70,w,11,119,Golden Retriever,NA,NA,NA,I,2005,m,beige,2005-06-10
88665,31-40,w,3,33,Podenco Ibicenco,NA,NA,NA,I,2005,w,rot/weiss,2005-11-10
88672,51-60,m,4,42,Jagdhund,Mischling,NA,NA,I,2005,m,schwarz,2005-09-10
88686,51-60,m,12,121,Pinscher,Mischling,NA,NA,K,2005,m,schwarz,2005-05-10
88689,51-60,w,9,91,Labrador Retriever,NA,NA,NA,I,2005,w,schwarz,2005-06-10
88692,71-80,m,7,74,Mischling klein,NA,NA,NA,K,2005,w,schwarz/braun,2005-04-10
88708,41-50,w,2,24,Appenzeller,NA,NA,NA,I,2005,w,schwarz/weiss/braun,2005-11-10
88710,41-50,m,8,82,Polski Owczarek Nizinny,NA,NA,NA,I,2005,w,weiss,2005-08-10
88723,51-60,w,10,102,Malteser,NA,NA,NA,K,2005,w,weiss,2005-02-10
88741,61-70,m,2,23,Tibet Terrier,NA,NA,NA,K,2005,m,weiss/schwarz,2005-01-10
88772,51-60,w,2,23,Cattle Dog,NA,NA,NA,I,2005,m,tricolor,2005-03-10
88777,61-70,w,7,72,Cairn Terrier,NA,NA,NA,K,2005,m,beige,2005-02-10
88780,41-50,m,4,44,Zwergspitz,NA,NA,NA,K,2005,m,hellbraun,2005-12-10
88783,41-50,w,11,115,Toller,NA,NA,NA,I,2005,w,rot/weiss,2005-07-10
88797,41-50,w,1,11,Malteser,NA,NA,NA,K,2005,m,weiss,2005-01-10
88806,51-60,w,12,123,Chihuahua,Mischling,NA,NA,K,2005,w,schwarz/weiss,2005-04-10
88810,41-50,w,7,73,Nova Scotia Duck Tolling Retriever,NA,NA,NA,I,2005,w,rot/weiss,2005-11-10
88829,61-70,w,6,61,West Highland White Terrier,NA,NA,NA,K,2005,w,weiss,2005-08-10
88836,41-50,m,10,101,Golden Retriever,NA,NA,NA,I,2005,w,blondfarben,2005-03-10
88844,61-70,m,8,82,Zwergpudel,NA,NA,NA,K,2005,w,silber,2005-12-10
88845,51-60,w,6,63,West Highland White Terrier,NA,NA,NA,K,2005,m,weiss,2005-07-10
88852,61-70,w,3,31,Airedale Terrier,NA,NA,NA,I,2005,m,schwarz,2005-06-10
88857,51-60,w,7,74,Labrador Retriever,NA,NA,NA,I,2005,w,gelb,2005-10-10
88862,61-70,w,3,34,Mischling klein,NA,NA,NA,K,2005,w,beige,2005-11-10
88866,41-50,m,2,24,Labrador Retriever,NA,NA,NA,I,2005,m,blondfarben,2005-03-10
88881,61-70,m,3,31,Labrador Retriever,NA,NA,NA,I,2005,m,braun,2005-01-10
88888,51-60,m,2,24,Langhaardackel,NA,NA,NA,K,2005,w,rot/braun,2005-06-10
88892,51-60,w,7,74,Field Spaniel,NA,NA,NA,I,2005,w,braun,2005-10-10
88893,31-40,w,9,91,Labrador Retriever,Mischling,NA,NA,I,2005,w,blondfarben,2005-11-10
88897,81-90,w,7,74,Cairn Terrier,NA,NA,NA,K,2005,w,schwarz/grau,2005-08-10
88898,61-70,w,3,31,Border Collie,NA,NA,NA,I,2005,m,schwarz/weiss,2005-03-10
88905,51-60,m,10,101,Schnauzer,Mischling,NA,NA,I,2005,w,schwarz/grau,2005-02-10
88925,61-70,w,9,91,Parson Jack Russell Terrier,NA,NA,NA,K,2005,w,tricolor,2005-05-10
88928,51-60,w,9,92,Malteser,Mischling,NA,NA,K,2005,m,weiss,2005-04-10
88929,51-60,m,3,34,Podenco,Mischling,NA,NA,I,2005,m,rot/braun,2005-10-10
88933,41-50,m,5,51,Jack Russel Terrier,NA,NA,NA,K,2005,m,weiss/schwarz,2005-08-10
88956,61-70,m,10,101,Jack Russel Terrier,NA,NA,NA,K,2005,m,schwarz/braun,2005-12-10
88974,61-70,m,9,92,Labrador Retriever,NA,NA,NA,I,2005,m,schwarz,2005-01-10
88980,71-80,m,12,122,Shih Tzu,NA,NA,NA,K,2005,m,schwarz/weiss,2005-05-10
88993,51-60,w,7,72,Dackel,Mischling,NA,NA,K,2005,w,schwarz/braun,2005-10-10
88995,51-60,w,7,71,West Highland White Terrier,NA,NA,NA,K,2005,w,weiss,2005-11-10
88997,51-60,m,11,115,Schäfer,Mischling,NA,NA,I,2005,w,schwarz/beige,2005-03-10
88999,41-50,w,5,51,Pudel,NA,NA,NA,K,2005,m,weiss/braun,2005-02-10
89003,31-40,w,6,63,Beauceron,NA,NA,NA,I,2005,m,schwarz/rot,2005-07-10
89016,81-90,w,7,72,Belgischer Schäfer,Mischling,NA,NA,I,2005,w,hellbraun,2005-01-10
89018,31-40,w,2,21,Schnauzer,NA,Labrador Retriever,NA,I,2005,w,schwarz,2005-05-10
89045,51-60,w,11,111,Deutscher Schäfer,NA,NA,NA,I,2005,m,schwarz/braun,2005-01-10
89047,51-60,w,7,73,Schapendoes,NA,NA,NA,I,2005,m,schwarz/grau,2005-01-10
89048,51-60,w,3,34,Mops,NA,NA,NA,K,2005,m,schwarz,2005-05-10
89067,51-60,w,12,122,Podenco,Mischling,NA,NA,I,2005,w,schwarz/braun,2005-02-10
89092,71-80,m,7,71,Mischling klein,NA,NA,NA,K,2005,w,hellbraun,2005-03-10
89094,51-60,m,9,92,Parson Jack Russell Terrier,NA,NA,NA,K,2005,m,rot/weiss,2005-09-10
89100,51-60,m,9,92,Jack Russel Terrier,NA,NA,NA,K,2005,m,tricolor,2005-07-10
89118,31-40,w,5,51,Husky,NA,NA,NA,I,2005,w,beige/weiss,2005-04-10
89135,31-40,w,5,51,Schäfer,Mischling,NA,NA,I,2005,w,tricolor,2005-03-10
89137,71-80,w,8,81,Zwergpudel,NA,NA,NA,K,2005,w,apricot,2005-09-10
89158,61-70,m,4,41,Chihuahua,NA,NA,NA,K,2005,m,beige,2005-04-10
89158,61-70,m,4,41,Chihuahua,NA,NA,NA,K,2005,m,beige,2005-10-10
89176,51-60,w,10,101,Yorkshire Terrier,Mischling,NA,NA,K,2005,w,schwarz/braun,2005-02-10
89206,31-40,m,9,91,Malteser,NA,NA,NA,K,2005,w,weiss,2005-10-10
89207,61-70,w,9,91,Pinscher,Mischling,NA,NA,K,2005,w,hellbraun,2005-11-10
89209,31-40,w,10,101,Chihuahua,NA,NA,NA,K,2005,m,beige/braun,2005-03-10
89265,51-60,w,7,72,Tibet Terrier,NA,NA,NA,K,2005,w,rot/braun/weiss,2005-09-10
89265,51-60,w,7,72,Tibet Terrier,NA,Spaniel,NA,K,2005,m,rot/braun/weiss,2005-02-10
89292,31-40,m,5,52,Segugio,Mischling,NA,NA,I,2005,m,schwarz,2005-11-10
89299,31-40,m,9,91,Greyhound,NA,NA,NA,I,2005,m,schwarz,2005-07-10
89340,31-40,w,2,24,Golden Retriever,NA,Spitz,NA,I,2005,m,gestromt,2005-01-10
89355,41-50,w,1,11,Neufundländer,NA,Labrador Retriever,NA,I,2005,m,schwarz,2005-12-10
89360,41-50,w,11,111,Bichon frisé,NA,NA,NA,K,2005,m,weiss,2005-05-10
89384,41-50,m,3,33,Zwergpudel,NA,NA,NA,K,2005,m,schwarz/weiss,2005-02-10
89394,41-50,w,7,72,Pudel,NA,NA,NA,K,2005,m,apricot,2005-12-10
89483,51-60,w,6,61,Yorkshire Terrier,NA,NA,NA,K,2005,w,blue/tan,2005-02-10
89564,41-50,w,8,82,Podenco Ibicenco,NA,NA,NA,I,2005,w,braun,2005-03-10
89597,41-50,w,2,21,Pinscher,Mischling,NA,NA,K,2005,w,schwarz,2005-12-10
89625,31-40,w,9,91,Terrier,Mischling,NA,NA,K,2005,w,schwarz,2005-01-10
89683,51-60,m,11,119,Malteser,NA,Pekingese,NA,K,2005,m,braun/weiss,2005-12-10
90662,61-70,m,5,51,Continental Bulldog,NA,NA,NA,I,2005,m,weiss gestromt,2005-03-10
90800,41-50,w,10,101,Kleinspitz,NA,NA,NA,K,2005,m,schwarz,2005-05-10
90894,21-30,w,10,101,Border Collie,Mischling,NA,NA,I,2005,w,schwarz/weiss,2005-11-10
90924,31-40,m,3,34,Mischling klein,NA,Schäfer,NA,I,2005,m,braun/schwarz,2005-12-10
91146,41-50,w,11,111,Vorstehhund,Mischling,NA,NA,I,2005,w,braun,2005-10-10
91681,61-70,w,7,71,Spaniel,NA,NA,NA,K,2005,m,braun/weiss,2005-04-10
91728,41-50,m,5,52,Jagdhund,Mischling,NA,NA,I,2005,m,schwarz/braun,2005-08-10
92310,31-40,w,9,91,Maremmano,NA,Bergamasker,NA,I,2005,m,braun/weiss,2005-01-10
92455,31-40,m,11,115,Malteser,NA,NA,NA,K,2005,w,weiss,2005-02-10
92493,51-60,w,12,122,Labrador Retriever,NA,Golden Retriever,NA,I,2005,w,braun,2005-01-10
92574,41-50,w,11,119,Pinscher,Mischling,NA,NA,K,2005,w,braun/schwarz,2005-01-10
92624,71-80,w,6,63,Border Collie,NA,NA,NA,I,2005,w,schwarz/weiss,2005-09-10
92936,71-80,w,11,111,Cairn Terrier,NA,NA,NA,K,2005,m,braun,2005-06-10
93035,71-80,w,3,34,Mischling klein,NA,NA,NA,K,2005,w,schwarz/weiss,2005-02-10
93270,81-90,w,9,91,Dackel,Mischling,NA,NA,K,2005,m,hellbraun,2005-01-10
94718,41-50,m,11,111,Chihuahua,NA,NA,NA,K,2005,m,weiss,2005-04-10
94955,61-70,w,7,73,Golden Retriever,NA,Labrador Retriever,NA,I,2005,w,creme,2005-05-10
95247,41-50,w,2,21,Golden Retriever,NA,NA,NA,I,2005,w,golden,2005-10-10
95338,51-60,w,2,21,West Highland White Terrier,NA,Pinscher,NA,K,2005,m,schwarz/braun,2005-06-10
95680,71-80,w,7,72,Jack Russel Terrier,NA,NA,NA,K,2005,m,braun/weiss,2005-02-10
96038,71-80,w,9,92,Mischling klein,NA,NA,NA,K,2005,m,weiss/schwarz/braun,2005-03-10
96130,51-60,w,11,111,Mischling klein,NA,NA,NA,K,2005,m,tricolor,2005-07-10
98087,81-90,m,2,24,Airedale Terrier,NA,NA,NA,I,2005,w,black/tan,2005-08-10
98380,51-60,m,8,81,Mittelpudel,NA,NA,NA,K,2005,m,schwarz,2005-12-10
98535,61-70,w,10,101,Jack Russel Terrier,NA,NA,NA,K,2005,m,tricolor,2005-01-10
98568,51-60,m,1,11,Appenzeller,NA,Labrador Retriever,NA,I,2005,m,schwarz,2005-05-10
98648,41-50,m,4,41,Jack Russel Terrier,NA,NA,NA,K,2005,w,schwarz/braun/weiss,2005-05-10
98665,61-70,w,3,31,Mops,NA,NA,NA,K,2005,w,beige/schwarz,2005-10-10
98688,51-60,w,11,115,Labrador Retriever,NA,Pudel,NA,I,2005,m,gelb,2005-03-10
98705,41-50,m,5,51,Jack Russel Terrier,NA,NA,NA,K,2005,w,tricolor,2005-02-10
98770,61-70,w,7,71,Jack Russel Terrier,NA,NA,NA,K,2005,w,tricolor,2005-04-10
98774,51-60,m,6,61,Berner Sennenhund,NA,Border Collie,NA,I,2005,m,schwarz/braun/weiss,2005-11-10
98777,31-40,m,11,119,Labrador Retriever,NA,NA,NA,I,2005,m,schwarz/weiss,2005-03-10
98793,51-60,w,10,101,Mischling gross,NA,NA,NA,I,2005,w,grau/weiss,2005-01-10
98849,31-40,w,6,61,Zwergschnauzer,NA,NA,NA,K,2005,w,schwarz/weiss,2005-04-10
98866,51-60,w,4,42,Yorkshire Terrier,NA,NA,NA,K,2005,m,black/tan,2005-03-10
98953,61-70,w,12,123,Pudel,NA,NA,NA,K,2005,m,weiss,2005-09-10
99056,31-40,w,2,21,Silky Terrier,NA,NA,NA,K,2005,m,schwarz/braun,2005-10-10
99099,51-60,m,7,71,Appenzeller,NA,Border Collie,NA,I,2005,w,schwarz/weiss,2005-12-10
99133,81-90,w,7,74,Lakeland Terrier,NA,NA,NA,K,2005,m,black/tan,2005-02-10
99171,31-40,w,3,34,Pudel,NA,Pekingese,NA,K,2005,w,grau,2005-11-10
99210,21-30,w,2,21,Jack Russel Terrier,NA,NA,NA,K,2005,w,schwarz/braun,2005-07-10
99314,51-60,m,3,31,Mops,NA,Beagle,NA,K,2005,w,rehbraun,2005-04-10
99373,21-30,w,9,92,Zwergpinscher,NA,NA,NA,K,2005,m,schwarz/braun,2005-11-10
99734,61-70,w,9,92,Mischling klein,NA,NA,NA,K,2005,m,beige,2005-12-10
99792,61-70,w,7,72,Labrador Retriever,NA,NA,NA,I,2005,m,braun,2005-07-10
99890,71-80,w,11,115,Cairn Terrier,NA,NA,NA,K,2005,w,brindle,2005-01-10
99937,61-70,w,5,51,Yorkshire Terrier,NA,NA,NA,K,2005,m,black/tan,2005-09-10
100045,51-60,w,4,42,Pekingese,NA,NA,NA,K,2005,m,tricolor,2005-08-10
100055,31-40,m,5,51,American Staffordshire Terrier,NA,Rhodesian Ridgeback,NA,II,2005,w,braun,2005-02-10
100068,61-70,w,8,82,West Highland White Terrier,NA,NA,NA,K,2005,m,weiss,2005-10-10
100142,41-50,m,4,42,Mops,NA,NA,NA,K,2005,w,beige,2005-07-10
100239,61-70,m,12,121,Cocker Spaniel,NA,NA,NA,K,2005,w,schwarz,2005-10-10
100252,31-40,m,11,115,Zwergpinscher,NA,NA,NA,K,2005,m,schwarz/braun,2005-09-10
100261,51-60,m,9,92,Zwergpudel,NA,NA,NA,K,2005,m,schwarz/weiss,2005-07-10
100287,21-30,w,10,101,Chihuahua,NA,NA,NA,K,2005,w,weiss/braun,2005-03-10
100351,21-30,w,12,122,Schäfer,Mischling,NA,NA,I,2005,m,braun/schwarz,2005-04-10
100537,31-40,w,6,63,Chihuahua,NA,NA,NA,K,2005,m,beige,2005-07-10
101370,41-50,w,8,83,Chihuahua,Mischling,NA,NA,K,2005,w,schwarz,2005-03-10
101428,71-80,w,4,42,West Highland White Terrier,NA,NA,NA,K,2005,w,weiss,2005-09-10
101800,31-40,w,9,92,Cocker Spaniel,NA,NA,NA,K,2005,m,braun,2005-05-10
101960,31-40,w,4,41,Pudel,NA,NA,NA,K,2005,m,schwarz,2005-10-10
102354,31-40,w,2,24,Tibetan Spaniel,NA,NA,NA,K,2005,w,zobel,2005-10-10
102709,51-60,w,11,111,Pekingese,NA,NA,NA,K,2005,w,schwarz/weiss,2005-12-10
102925,31-40,m,9,91,Mischling klein,NA,NA,NA,K,2005,m,tricolor,2005-06-10
103219,51-60,w,4,42,Französische Bulldogge,NA,NA,NA,K,2005,w,schwarz/weiss,2005-08-10
103585,51-60,w,11,119,Schäfer,NA,Border Collie,NA,I,2005,w,schwarz/weiss,2005-05-10
104705,51-60,w,8,83,Manchester Terrier,NA,NA,NA,K,2005,m,schwarz,2005-04-10
104860,31-40,w,1,13,Zwergspitz,NA,NA,NA,K,2005,m,rot,2005-11-10
104899,51-60,m,4,41,Dalmatiner,NA,NA,NA,I,2005,w,weiss/schwarz,2005-12-10
104940,31-40,w,3,33,Belgischer Schäfer,NA,NA,NA,I,2005,m,beige,2005-01-10
105170,31-40,m,11,115,Golden Retriever,NA,Deutscher Schäfer,NA,I,2005,m,schwarz/braun,2005-08-10
105436,51-60,m,2,21,Samojede,NA,NA,NA,I,2005,m,weiss,2005-12-10
105506,51-60,w,2,23,Grosspudel,NA,NA,NA,I,2005,m,schwarz,2005-03-10
105685,41-50,m,4,42,Labrador Retriever,NA,NA,NA,I,2005,w,braun,2005-01-10
105743,91-100,w,7,72,Sennenhund,Mischling,NA,NA,I,2005,w,tricolor,2005-11-10
105967,31-40,w,2,21,Jack Russel Terrier,Mischling,NA,NA,K,2005,w,schwarz/braun,2005-01-10
106243,31-40,w,8,81,Chihuahua,NA,NA,NA,K,2005,m,braun,2005-06-10
106864,71-80,m,4,42,Mischling klein,NA,NA,NA,K,2005,w,braun/weiss,2005-02-10
106996,71-80,w,10,101,Mischling klein,NA,NA,NA,K,2005,m,weiss/braun/schwarz,2005-08-10
107650,31-40,w,11,111,Tibetan Spaniel,NA,NA,NA,K,2005,m,schwarz,2005-08-10
110095,41-50,w,2,21,Berner Sennenhund,NA,Retriever,NA,I,2005,m,schwarz/braun,2005-05-10
110126,51-60,w,2,21,Zwergschnauzer,NA,NA,NA,K,2005,m,grau,2005-03-10
110379,41-50,w,7,74,Entlebucher,Mischling,NA,NA,I,2005,w,tricolor,2005-01-10
110709,51-60,w,7,71,Soft Coated Wheaten Terrier,NA,NA,NA,I,2005,m,weizen,2005-04-10
110872,51-60,w,10,102,Shih Tzu,NA,NA,NA,K,2005,w,braun,2005-01-10
111814,41-50,w,6,63,Chihuahua,NA,NA,NA,K,2005,m,schwarz/weiss/braun,2005-12-10
111996,41-50,m,11,115,Mischling klein,NA,NA,NA,K,2005,m,braun,2005-04-10
112162,21-30,w,6,61,Greyhound,NA,NA,NA,I,2005,m,weiss/grau,2005-04-10
113088,41-50,m,9,92,Labrador Retriever,Mischling,NA,NA,I,2005,m,schwarz,2005-09-10
113315,61-70,w,4,41,Mischling klein,NA,NA,NA,K,2005,w,grau/schwarz,2005-08-10
114338,31-40,m,1,14,Beagle,NA,NA,NA,K,2005,w,beige/weiss,2005-02-10
114485,51-60,w,1,11,Chihuahua,NA,NA,NA,K,2005,m,weiss,2005-05-10
114509,31-40,w,3,34,Petit Basset Griffon,NA,NA,NA,K,2005,m,beige,2005-12-10
114583,41-50,m,6,63,Border Collie,Mischling,NA,NA,I,2005,m,schwarz/weiss,2005-02-10
115009,61-70,w,11,119,Rottweiler,Mischling,NA,NA,I,2005,w,schwarz/braun,2005-12-10
115873,31-40,w,11,111,Mischling klein,NA,NA,NA,K,2005,m,braun,2005-05-10
117386,21-30,m,10,102,Mischling klein,NA,NA,NA,K,2005,w,tricolor,2005-03-10
118148,61-70,m,2,21,Mittelpudel,NA,NA,NA,K,2005,w,apricot,2005-03-10
118944,51-60,w,6,61,Parson Russell Terrier,NA,NA,NA,K,2005,w,tricolor,2005-06-10
118979,41-50,m,4,44,Teckel,NA,Chihuahua,NA,K,2005,w,weiss/braun,2005-11-10
119321,51-60,w,1,11,Golden Retriever,NA,NA,NA,I,2005,w,blondfarben,2005-03-10
119993,31-40,m,12,123,Zwergpinscher,NA,NA,NA,K,2005,m,schwarz/braun,2005-03-10
120417,31-40,w,4,42,Mops,NA,NA,NA,K,2005,m,beige,2005-05-10
120466,31-40,w,2,21,Rottweiler,Mischling,NA,NA,I,2005,w,schwarz/braun,2005-12-10
120469,41-50,w,9,91,Labrador Retriever,Mischling,NA,NA,I,2005,w,schwarz,2005-01-10
120656,31-40,m,10,101,Schäfer,Mischling,NA,NA,I,2005,w,tricolor,2005-01-10
120771,21-30,w,3,33,Mischling klein,NA,NA,NA,K,2005,w,weiss,2005-10-10
120795,61-70,m,8,82,Labrador Retriever,NA,NA,NA,I,2005,m,schwarz,2005-01-10
121215,31-40,w,9,92,Mischling klein,NA,NA,NA,K,2005,m,braun/weiss,2005-02-10
121459,41-50,m,2,24,Schäfer,Mischling,NA,NA,I,2005,m,schwarz/braun,2005-01-10
121962,81-90,w,6,63,Mischling klein,NA,NA,NA,K,2005,m,braun,2005-11-10
122239,51-60,w,10,101,Golden Retriever,NA,Labrador Retriever,NA,I,2005,m,blondfarben,2005-02-10
123111,31-40,m,11,119,Yorkshire Terrier,NA,NA,NA,K,2005,m,grau/braun,2005-03-10
123682,51-60,w,11,111,Labrador Retriever,NA,NA,NA,I,2005,m,schwarz,2005-07-10
123982,31-40,m,6,61,Labrador Retriever,NA,NA,NA,I,2005,m,schwarz,2005-08-10
124415,21-30,w,7,72,Königspudel,NA,NA,NA,I,2005,m,silber,2005-07-10
124651,21-30,w,4,42,Schäfer,NA,Entlebucher Sennenhund,NA,I,2005,m,tricolor,2005-12-10
124674,31-40,w,11,111,Podenco,Mischling,NA,NA,I,2005,m,braun/weiss,2005-08-10
124675,31-40,w,2,24,Cocker Spaniel,NA,NA,NA,K,2005,w,schwarz,2005-03-10
125401,31-40,m,6,61,English Springer Spaniel,NA,NA,NA,I,2005,m,schwarz/weiss,2005-01-10
125628,31-40,w,7,74,Labrador Retriever,NA,NA,NA,I,2005,m,schwarz,2005-04-10
125728,21-30,w,3,34,Chihuahua,NA,NA,NA,K,2005,m,braun,2005-12-10
126047,21-30,w,6,61,Border Collie,NA,NA,NA,I,2005,w,blue/merle,2005-11-10
126062,61-70,w,10,101,Coton de Tulear,NA,NA,NA,K,2005,m,weiss,2005-02-10
126452,51-60,w,6,63,Mischling gross,NA,NA,NA,I,2005,m,braun,2005-01-10
126482,31-40,m,12,121,Labrador Retriever,NA,NA,NA,I,2005,w,schwarz,2005-08-10
126608,41-50,m,6,63,Zwergschnauzer,Mischling,NA,NA,K,2005,w,schwarz,2005-11-10
127036,21-30,w,11,111,Jack Russel Terrier,NA,NA,NA,K,2005,m,tricolor,2005-01-10
127070,41-50,w,11,119,Flat Coated Retriever,NA,Labrador Retriever,NA,I,2005,m,schwarz,2005-03-10
127090,31-40,w,11,119,Chihuahua,NA,NA,NA,K,2005,m,tricolor,2005-01-10
127105,31-40,w,7,73,Labrador Retriever,NA,Border Collie,NA,I,2005,m,schwarz,2005-06-10
127117,31-40,w,10,101,Mischling klein,NA,NA,NA,K,2005,m,schwarz/weiss/braun,2005-03-10
127187,51-60,w,3,33,Mops,NA,NA,NA,K,2005,m,beige/braun,2005-08-10
127479,31-40,m,4,42,Tibet Terrier,Mischling,NA,NA,K,2005,m,schwarz/grau,2005-10-10
127533,31-40,w,3,31,Shiba Inu,NA,NA,NA,K,2005,m,rot,2005-02-10
127665,51-60,w,8,81,Field Spaniel,NA,NA,NA,I,2005,w,braun/grau,2005-04-10
127943,31-40,m,9,91,Podenco Ibicenco,NA,NA,NA,I,2005,w,weiss,2005-08-10
128081,31-40,w,9,92,Mischling klein,NA,NA,NA,K,2005,m,schwarz/grau,2005-01-10
128101,71-80,w,4,44,Pinscher,NA,NA,NA,K,2005,m,braun,2005-09-10
128123,61-70,w,11,111,Schäfer,NA,Border Collie,NA,I,2005,m,schwarz,2005-10-10
128186,31-40,m,6,61,Mischling klein,NA,NA,NA,K,2005,m,weiss/braun,2005-09-10
128314,41-50,w,7,71,Zwergschnauzer,NA,NA,NA,K,2005,m,pfeffer/salz,2005-08-10
128571,31-40,w,3,31,Labrador Retriever,NA,NA,NA,I,2005,m,schwarz,2005-04-10
128899,61-70,m,7,73,Parson Russell Terrier,NA,NA,NA,K,2005,m,weiss/braun,2005-05-10
129019,41-50,w,7,73,Golden Retriever,NA,NA,NA,I,2005,w,golden,2005-04-10
129307,31-40,w,8,82,Sibirischer Husky,NA,NA,NA,I,2005,m,schwarz/weiss,2005-10-10
129571,41-50,w,6,63,Mudi,NA,NA,NA,I,2005,w,schwarz,2005-04-10
129947,61-70,w,5,52,Tibetan Spaniel,NA,NA,NA,K,2005,w,sable,2005-11-10
129971,61-70,w,4,42,Shih Tzu,NA,NA,NA,K,2005,w,weiss/braun,2005-10-10
130727,51-60,w,11,119,Mischling gross,NA,NA,NA,I,2005,w,schwarz/beige,2005-11-10
131169,51-60,w,3,34,Labrador Retriever,NA,NA,NA,I,2005,m,schwarz,2005-08-10
131749,31-40,w,9,92,Parson Jack Russell Terrier,NA,NA,NA,K,2005,w,weiss/braun,2005-03-10
131848,21-30,w,11,115,Malteser,Mischling,NA,NA,K,2005,w,weiss,2005-10-10
132037,31-40,w,9,91,Chihuahua,NA,NA,NA,K,2005,m,braun,2005-05-10
132215,21-30,w,2,24,Yorkshire Terrier,NA,NA,NA,K,2005,m,schwarz/braun,2005-04-10
132372,41-50,w,2,24,Mischling gross,NA,NA,NA,I,2005,w,schwarz/weiss,2005-10-10
132455,31-40,w,6,63,Shih Tzu,NA,NA,NA,K,2005,w,weiss/braun,2005-08-10
133004,61-70,m,6,61,Hirtenhund,Mischling,NA,NA,I,2005,w,schwarz/weiss/braun,2005-07-10
133217,21-30,w,8,83,Podenco,Mischling,NA,NA,I,2005,m,weiss/braun,2005-11-10
133799,71-80,w,9,91,Lagotto Romagnolo,NA,NA,NA,I,2005,w,weiss/orange,2005-12-10
134366,51-60,w,8,83,Mischling klein,NA,NA,NA,K,2005,m,weiss/braun,2005-01-10
135673,71-80,w,7,74,Bolonka Zwetna,NA,NA,NA,K,2005,w,schwarz/weiss,2005-09-10
135685,31-40,w,9,92,Mischling klein,NA,NA,NA,K,2005,m,schwarz,2005-07-10
