owner_id,age,gender,city_district,quarter,primary_breed,is_hybrid,secondary_breed,is_secondary_hybrid,breed_type,dog_yob,dog_gender,dog_color,dog_dob
171,61-70,m,3,31,Berner Sennenhund,NA,NA,NA,I,2009,m,tricolor,2009-03-10
19839,51-60,m,2,23,Labrador Retriever,Mischling,NA,NA,I,2009,w,schwarz,2009-08-10
22186,41-50,m,8,82,Labrador Retriever,NA,Border Collie,NA,I,2009,m,schwarz,2009-08-10
54322,71-80,m,3,33,Lagotto Romagnolo,NA,NA,NA,I,2009,m,weiss/orange,2009-03-10
65732,51-60,m,7,72,Holländischer Schäfer,NA,NA,NA,I,2009,m,gestromt,2009-05-10
70076,31-40,m,9,92,Labrador Retriever,NA,NA,NA,I,2009,m,braun,2009-04-10
70296,51-60,w,7,74,Pinscher,Mischling,NA,NA,K,2009,m,hellbraun,2009-03-10
71555,61-70,m,7,71,Mischling klein,NA,NA,NA,K,2009,m,schwarz schimmel,2009-10-10
80011,41-50,w,12,123,Yorkshire Terrier,NA,NA,NA,K,2009,m,tricolor,2009-10-10
80106,61-70,w,9,91,Labrador Retriever,NA,Golden Retriever,NA,I,2009,m,schwarz,2009-10-10
80248,51-60,m,4,42,Jack Russel Terrier,NA,NA,NA,K,2009,w,braun/weiss,2009-06-10
80258,51-60,m,11,111,Dackel,NA,NA,NA,K,2009,w,rot/schwarz,2009-04-10
80556,81-90,m,3,31,Mops,NA,NA,NA,K,2009,m,gestromt,2009-08-10
80584,71-80,w,8,82,Labrador Retriever,NA,NA,NA,I,2009,m,schwarz,2009-02-10
80604,71-80,m,7,72,Labrador Retriever,NA,NA,NA,I,2009,w,braun,2009-01-10
80637,81-90,m,12,123,Mischling gross,NA,NA,NA,I,2009,w,schwarz,2009-03-10
80653,61-70,m,7,73,Groenendael,NA,NA,NA,I,2009,w,schwarz,2009-01-10
80684,71-80,w,2,21,Bergamasker,Mischling,NA,NA,I,2009,m,tricolor,2009-10-10
80700,51-60,w,2,21,Podenco,NA,NA,NA,I,2009,w,braun/schwarz,2009-09-10
80762,51-60,w,11,111,Golden Retriever,NA,NA,NA,I,2009,m,golden,2009-02-10
80797,71-80,w,2,24,Shih Tzu,NA,NA,NA,K,2009,m,tricolor,2009-01-10
80896,81-90,m,7,74,Malteser,NA,NA,NA,K,2009,w,weiss,2009-06-10
80950,71-80,w,7,73,Rhodesian Ridgeback,NA,NA,NA,I,2009,m,rot,2009-07-10
80956,91-100,m,7,73,Coton de Tulear,NA,NA,NA,K,2009,w,weiss,2009-01-10
81045,61-70,w,6,63,Zwergrauhaardackel,NA,NA,NA,K,2009,w,saufarben,2009-06-10
81050,61-70,w,5,52,Labrador Retriever,NA,NA,NA,I,2009,m,schwarz,2009-04-10
81064,71-80,w,8,83,Labrador Retriever,NA,NA,NA,I,2009,w,braun,2009-03-10
81100,61-70,w,7,73,Mischling klein,NA,NA,NA,K,2009,m,braun,2009-01-10
81112,71-80,m,7,74,Australian Shepherd,Mischling,NA,NA,I,2009,m,blue/merle,2009-10-10
81134,71-80,m,7,74,Mittelspitz,NA,NA,NA,K,2009,w,schwarz/weiss,2009-03-10
81172,61-70,w,11,111,Collie,NA,NA,NA,I,2009,m,tricolor,2009-07-10
81245,71-80,w,8,81,Chihuahua,NA,NA,NA,K,2009,w,rot,2009-02-10
81377,41-50,m,6,63,Bearded Collie,NA,NA,NA,I,2009,m,blau/weiss,2009-08-10
81403,71-80,w,6,63,Border Collie,NA,NA,NA,I,2009,w,tricolor,2009-06-10
81475,71-80,w,7,71,Labrador Retriever,NA,NA,NA,I,2009,w,schwarz/weiss,2009-12-10
81483,51-60,w,5,52,Labrador Retriever,NA,Hovawart,NA,I,2009,w,schwarz/braun,2009-01-10
81599,81-90,w,3,31,Golden Retriever,NA,NA,NA,I,2009,w,golden,2009-03-10
81645,71-80,m,10,101,Airedale Terrier,NA,NA,NA,I,2009,w,black/tan,2009-11-10
81726,61-70,w,11,111,Mischling klein,NA,NA,NA,K,2009,w,braun,2009-06-10
81844,71-80,w,11,115,Mischling klein,NA,NA,NA,K,2009,w,braun,2009-12-10
81883,71-80,m,7,72,Beagle,NA,NA,NA,K,2009,w,tricolor,2009-08-10
81889,61-70,w,2,21,West Highland White Terrier,NA,NA,NA,K,2009,m,weiss,2009-02-10
82001,71-80,m,2,21,Rauhaar Dackel,NA,NA,NA,K,2009,w,saufarben,2009-08-10
82063,71-80,w,11,111,Mops,NA,NA,NA,K,2009,w,beige,2009-04-10
82080,61-70,m,10,101,Dachshund,NA,NA,NA,K,2009,w,saufarben,2009-03-10
82162,51-60,m,9,92,Flat Coated Retriever,NA,NA,NA,I,2009,m,schwarz,2009-02-10
82190,61-70,w,10,101,Mischling klein,NA,NA,NA,K,2009,m,beige,2009-01-10
82329,61-70,w,11,115,Dackel,NA,NA,NA,K,2009,m,braun,2009-02-10
82387,61-70,m,11,115,Havaneser,NA,NA,NA,K,2009,m,weiss,2009-10-10
82452,61-70,w,10,102,Dachshund,NA,NA,NA,K,2009,w,schwarz/grau,2009-10-10
82452,61-70,w,10,102,Dachshund,NA,NA,NA,K,2009,m,rot,2009-11-10
82509,51-60,w,7,72,Rottweiler,NA,NA,NA,I,2009,w,schwarz/braun,2009-10-10
82510,61-70,w,9,91,West Highland White Terrier,NA,NA,NA,K,2009,m,weiss,2009-08-10
82561,61-70,w,7,71,Yorkshire Terrier,NA,NA,NA,K,2009,w,blue/tan,2009-04-10
82581,61-70,w,7,72,Tibet Terrier,NA,NA,NA,K,2009,w,beige/schwarz,2009-02-10
82588,71-80,w,6,63,Appenzeller Sennenhund,NA,NA,NA,I,2009,w,tricolor,2009-12-10
82671,51-60,w,7,74,Continental Bulldog,NA,NA,NA,I,2009,m,rotbraun/weiss,2009-12-10
82738,61-70,m,7,74,English Setter,NA,NA,NA,I,2009,m,weiss/orange,2009-10-10
82751,71-80,m,8,83,Pudel,NA,NA,NA,K,2009,w,black/tan,2009-03-10
82813,51-60,w,7,73,Labrador Retriever,NA,NA,NA,I,2009,w,blondfarben,2009-06-10
82852,61-70,w,9,92,Chinese Crested Powderpuff,NA,NA,NA,K,2009,m,weiss/schwarz,2009-09-10
82868,51-60,w,2,21,Schäfer,NA,NA,NA,I,2009,w,weiss,2009-01-10
83050,71-80,m,2,23,Schnauzer,NA,West Highland White Terrier,NA,I,2009,w,schwarz/braun/weiss,2009-02-10
83097,71-80,w,1,13,Mischling klein,NA,NA,NA,K,2009,w,schwarz,2009-11-10
83141,61-70,w,2,23,Pekingese,NA,NA,NA,K,2009,w,braun/weiss,2009-06-10
83359,71-80,m,11,119,Französische Bulldogge,NA,NA,NA,K,2009,m,beige,2009-06-10
83577,71-80,m,4,42,Border Collie,NA,NA,NA,I,2009,m,schwarz/weiss,2009-04-10
83688,81-90,m,6,61,Deutscher Schäfer,NA,NA,NA,I,2009,m,schwarz/gelb,2009-08-10
83775,51-60,w,10,101,Jack Russel Terrier,NA,NA,NA,K,2009,w,tricolor,2009-03-10
83892,51-60,w,7,73,Mischling klein,NA,NA,NA,K,2009,w,braun,2009-10-10
83979,71-80,m,4,44,Golden Retriever,NA,NA,NA,I,2009,w,golden,2009-08-10
83993,61-70,w,7,73,Mischling klein,NA,NA,NA,K,2009,m,schwarz/weiss,2009-09-10
84008,61-70,w,10,102,Königspudel,NA,NA,NA,I,2009,m,apricot,2009-07-10
84070,71-80,w,9,92,Mischling klein,NA,NA,NA,K,2009,w,beige,2009-07-10
84180,61-70,w,4,41,Bearded Collie,NA,Bergamasker,NA,I,2009,w,schwarz/weiss,2009-01-10
84242,71-80,w,12,121,Samojede,NA,NA,NA,I,2009,w,weiss,2009-03-10
84297,71-80,m,10,101,Pekingese,Mischling,NA,NA,K,2009,m,schwarz/weiss,2009-11-10
84370,61-70,w,3,31,Flat Coated Retriever,NA,NA,NA,I,2009,w,schwarz,2009-01-10
84481,81-90,m,8,82,Chihuahua,Mischling,NA,NA,K,2009,m,beige/weiss,2009-06-10
84487,61-70,w,11,119,Belgischer Schäfer,NA,Tervueren,NA,I,2009,m,schwarz/braun,2009-10-10
84498,41-50,w,6,63,Mischling gross,NA,NA,NA,I,2009,w,beige/weiss,2009-03-10
84512,51-60,w,7,71,Afghanischer Windhund,NA,NA,NA,I,2009,m,silber,2009-09-10
84517,71-80,w,7,71,Deerhound,NA,NA,NA,I,2009,w,grau,2009-02-10
84531,51-60,w,7,71,Chihuahua,NA,NA,NA,K,2009,m,golden,2009-07-10
84542,91-100,w,7,71,Terrier,NA,NA,NA,K,2009,w,schwarz,2009-01-10
84831,61-70,w,9,92,Chihuahua,NA,NA,NA,K,2009,w,black/tan,2009-07-10
84906,61-70,w,10,101,Dachshund,NA,NA,NA,K,2009,w,rot,2009-07-10
85199,81-90,w,11,119,Zwergschnauzer,Mischling,NA,NA,K,2009,m,schwarz,2009-08-10
85211,51-60,w,11,115,Papillon,NA,NA,NA,K,2009,m,schwarz/weiss,2009-09-10
85220,51-60,w,11,115,Jack Russel Terrier,NA,NA,NA,K,2009,m,tricolor,2009-12-10
85517,71-80,m,7,71,Border Terrier,NA,Deutscher Jagdterrier,NA,K,2009,m,rotbraun,2009-11-10
85609,61-70,w,11,119,Dackel,NA,Spaniel,NA,K,2009,w,rot/braun,2009-01-10
85678,71-80,w,11,111,Zwergpudel,NA,NA,NA,K,2009,w,schwarz/weiss,2009-01-10
85725,81-90,w,7,74,Dachshund,NA,NA,NA,K,2009,m,rotbraun,2009-12-10
86106,51-60,w,11,111,Schnauzer,Mischling,NA,NA,I,2009,m,weiss/schwarz,2009-01-10
86110,51-60,m,7,73,Golden Retriever,NA,NA,NA,I,2009,m,golden,2009-04-10
86441,71-80,w,6,61,American Cocker Spaniel,NA,NA,NA,K,2009,m,schwarz/weiss,2009-02-10
86529,41-50,m,8,81,Continental Bulldog,Mischling,NA,NA,I,2009,m,gestromt,2009-03-10
86554,51-60,w,10,101,Berner Sennenhund,NA,NA,NA,I,2009,w,tricolor,2009-01-10
86723,41-50,w,6,61,Labrador Retriever,NA,NA,NA,I,2009,w,blondfarben,2009-01-10
86766,51-60,w,4,41,Parson Russell Terrier,NA,NA,NA,K,2009,w,weiss/rot,2009-01-10
86822,41-50,w,2,21,Yorkshire Terrier,NA,NA,NA,K,2009,w,blue/tan,2009-04-10
87149,31-40,w,11,119,Continental Bulldog,NA,NA,NA,I,2009,w,gestromt,2009-01-10
87158,31-40,w,2,23,Mischling klein,NA,NA,NA,K,2009,w,hellbraun,2009-05-10
87297,51-60,w,7,71,Russischer Terrier,NA,NA,NA,I,2009,w,schwarz,2009-04-10
87307,31-40,w,6,61,Border Collie,Mischling,NA,NA,I,2009,w,schwarz/weiss,2009-11-10
87457,51-60,m,11,119,Zwergpudel,NA,NA,NA,K,2009,w,weiss,2009-11-10
87579,51-60,w,9,92,Australian Shepherd,NA,NA,NA,I,2009,w,rot,2009-01-10
87624,41-50,m,9,92,Berner Sennenhund,NA,Labrador Retriever,NA,I,2009,w,tricolor,2009-05-10
87668,41-50,w,3,31,Griffon,NA,NA,NA,I,2009,w,braun/schwarz/weiss,2009-01-10
87828,71-80,w,6,63,Pudel,Mischling,NA,NA,K,2009,m,weiss,2009-10-10
87909,31-40,m,3,33,Golden Retriever,NA,NA,NA,I,2009,m,braun,2009-09-10
87913,41-50,w,12,121,Zwergpudel,NA,NA,NA,K,2009,w,braun,2009-05-10
87948,51-60,w,9,92,Chihuahua,NA,NA,NA,K,2009,w,weiss,2009-01-10
87956,41-50,m,3,33,Vizsla,NA,NA,NA,I,2009,m,braun,2009-05-10
88067,31-40,w,12,121,Rehpinscher,NA,NA,NA,K,2009,w,rehbraun,2009-07-10
88162,51-60,m,9,91,Mastiff,Mischling,NA,NA,I,2009,m,blondfarben,2009-01-10
88250,31-40,w,7,74,Sibirischer Husky,NA,NA,NA,I,2009,w,schwarz/weiss,2009-09-10
88260,51-60,w,2,21,English Cocker Spaniel,NA,NA,NA,K,2009,m,blauschimmel,2009-07-10
88401,61-70,w,11,115,Tibetan Spaniel,NA,NA,NA,K,2009,m,schwarz/weiss,2009-12-10
88871,51-60,w,11,119,Chihuahua,NA,NA,NA,K,2009,w,weiss,2009-07-10
89023,61-70,w,9,91,Tibet Terrier,NA,NA,NA,K,2009,w,tricolor,2009-06-10
89358,41-50,w,9,91,Mischling klein,NA,NA,NA,K,2009,w,grau,2009-07-10
89371,61-70,w,2,23,Mischling klein,NA,NA,NA,K,2009,m,tricolor,2009-08-10
89439,71-80,m,3,34,Dackel,NA,NA,NA,K,2009,m,rot,2009-04-10
89439,71-80,m,3,34,Dackel,NA,NA,NA,K,2009,m,rot,2009-10-10
89570,31-40,m,11,111,Pinscher,NA,NA,NA,K,2009,w,braun,2009-12-10
89670,41-50,w,6,63,Foxterrier,NA,Jack Russel Terrier,NA,K,2009,w,braun/weiss,2009-10-10
90293,41-50,w,2,24,West Highland White Terrier,NA,NA,NA,K,2009,w,weiss,2009-01-10
90889,41-50,w,12,122,Staffordshire Bull Terrier,NA,NA,NA,II,2009,m,schwarz gestromt,2009-10-10
91051,51-60,w,8,81,Collie,NA,NA,NA,I,2009,w,tricolor,2009-01-10
91206,41-50,w,9,92,Continental Bulldog,NA,NA,NA,I,2009,m,rot,2009-03-10
91351,41-50,m,7,72,Mops,NA,NA,NA,K,2009,w,beige/schwarz,2009-03-10
91504,71-80,w,3,33,Cocker Spaniel,NA,NA,NA,K,2009,m,schwarz,2009-01-10
91718,21-30,w,5,51,Mops,NA,NA,NA,K,2009,m,schwarz,2009-11-10
92944,31-40,w,11,115,Pudel,NA,NA,NA,K,2009,w,silber,2009-04-10
93302,41-50,w,3,31,Jack Russel Terrier,NA,NA,NA,K,2009,m,tricolor,2009-03-10
93496,31-40,w,11,115,Mischling gross,NA,NA,NA,I,2009,m,braun,2009-03-10
94100,51-60,w,4,42,Mischling klein,NA,NA,NA,K,2009,m,braun/schwarz/weiss,2009-04-10
94410,41-50,m,9,92,Mischling klein,NA,NA,NA,K,2009,m,blondfarben,2009-10-10
94477,61-70,w,8,81,Chihuahua,NA,NA,NA,K,2009,m,black/tan,2009-12-10
94599,31-40,w,12,121,Chihuahua,NA,NA,NA,K,2009,m,weiss/braun,2009-05-10
95086,21-30,w,7,71,Mops,NA,NA,NA,K,2009,w,beige,2009-09-10
96155,21-30,w,6,61,Französische Bulldogge,NA,NA,NA,K,2009,w,gestromt,2009-05-10
96452,31-40,w,9,91,Spitz,NA,NA,NA,K,2009,w,braun,2009-04-10
96511,61-70,w,12,122,Golden Retriever,NA,Labrador Retriever,NA,I,2009,m,weiss,2009-08-10
96515,51-60,w,4,44,Yorkshire Terrier,NA,NA,NA,K,2009,m,schwarz/braun,2009-03-10
96544,41-50,w,9,92,Mops,NA,NA,NA,K,2009,w,beige,2009-01-10
96549,41-50,w,12,122,Zwergpinscher,NA,NA,NA,K,2009,w,braun,2009-05-10
96565,71-80,w,12,123,Parson Russell Terrier,NA,NA,NA,K,2009,m,tricolor,2009-06-10
96818,51-60,m,12,122,Golden Retriever,NA,Berner Sennenhund,NA,I,2009,w,braun/schwarz/weiss,2009-08-10
96947,41-50,w,2,21,Flat Coated Retriever,NA,NA,NA,I,2009,w,schwarz,2009-02-10
96975,41-50,w,12,121,Yorkshire Terrier,NA,NA,NA,K,2009,m,blue/tan,2009-07-10
97062,31-40,w,8,82,Parson Jack Russell Terrier,NA,NA,NA,K,2009,m,tricolor,2009-04-10
97112,41-50,m,9,92,Labrador Retriever,NA,NA,NA,I,2009,w,gelb,2009-08-10
97135,41-50,w,9,91,Boston Terrier,NA,NA,NA,K,2009,w,schwarz/weiss,2009-03-10
97145,21-30,w,2,21,Papillon,NA,NA,NA,K,2009,w,tricolor,2009-09-10
97279,61-70,w,7,73,Zwergpudel,NA,NA,NA,K,2009,w,creme,2009-01-10
97427,21-30,m,11,119,Chihuahua,NA,NA,NA,K,2009,m,weiss/schwarz,2009-10-10
97439,41-50,m,3,34,Malteser,NA,NA,NA,K,2009,m,weiss,2009-11-10
97463,31-40,m,2,24,Mops,NA,Beagle,NA,K,2009,w,beige,2009-08-10
97465,21-30,w,9,92,Mops,NA,Shih Tzu,NA,K,2009,w,grau,2009-03-10
97549,41-50,w,1,14,Chihuahua,NA,NA,NA,K,2009,w,beige,2009-09-10
97609,21-30,w,3,33,Chihuahua,NA,NA,NA,K,2009,m,weiss,2009-01-10
97685,41-50,w,12,122,Chihuahua,NA,NA,NA,K,2009,m,creme,2009-05-10
97743,41-50,w,11,115,Bichon maltais,NA,NA,NA,K,2009,m,weiss,2009-06-10
97767,51-60,m,4,44,Mischling klein,Mischling,NA,NA,K,2009,w,schwarz/weiss,2009-11-10
97769,61-70,m,7,71,Bayerischer Gebirgsschweisshund,NA,NA,NA,I,2009,w,hirschrot,2009-09-10
97926,61-70,w,7,74,Vizsla,NA,NA,NA,I,2009,w,braun,2009-07-10
97926,61-70,w,7,74,Vizsla,NA,NA,NA,I,2009,w,braun,2009-01-10
98019,31-40,m,11,111,Border Collie,NA,Labrador Retriever,NA,I,2009,m,schwarz/weiss,2009-06-10
98027,31-40,m,5,52,Border Collie,NA,Appenzeller Sennenhund,NA,I,2009,w,schwarz/weiss,2009-04-10
98068,51-60,w,12,121,Rehpinscher,NA,NA,NA,K,2009,m,rehbraun,2009-11-10
98188,21-30,w,2,21,Labrador Retriever,NA,NA,NA,I,2009,w,braun,2009-02-10
98220,61-70,w,9,92,Border Collie,NA,NA,NA,I,2009,w,schwarz/weiss,2009-07-10
98224,31-40,w,9,92,Chihuahua,NA,NA,NA,K,2009,m,schwarz,2009-01-10
98258,41-50,w,10,101,Chihuahua,NA,NA,NA,K,2009,w,black/tan,2009-02-10
98311,51-60,w,11,115,Sheltie,NA,NA,NA,K,2009,m,sable,2009-12-10
98321,51-60,w,11,115,Collie,NA,NA,NA,I,2009,m,sable,2009-07-10
98342,41-50,m,12,122,Rhodesian Ridgeback,NA,NA,NA,I,2009,m,braun,2009-11-10
98345,61-70,w,11,119,Bichon frisé,NA,NA,NA,K,2009,m,weiss,2009-08-10
98516,51-60,m,9,92,Rauhaar Dackel,NA,NA,NA,K,2009,w,saufarben,2009-02-10
98571,21-30,w,11,111,Chihuahua,NA,NA,NA,K,2009,w,braun,2009-06-10
98594,41-50,m,6,6,Lagotto Romagnolo,NA,NA,NA,I,2009,w,marronschimmel,2009-03-10
98597,61-70,w,3,31,Rhodesian Ridgeback,NA,NA,NA,I,2009,w,weizen,2009-09-10
98619,31-40,w,12,122,Yorkshire Terrier,NA,NA,NA,K,2009,m,schwarz/grau,2009-01-10
98664,51-60,m,11,119,Saluki,NA,NA,NA,I,2009,m,creme,2009-04-10
98666,21-30,w,7,72,Mittelpudel,NA,NA,NA,K,2009,m,silber,2009-11-10
98709,31-40,m,2,21,Mischling klein,NA,NA,NA,K,2009,w,braun,2009-01-10
98767,51-60,w,11,111,Flat Coated Retriever,NA,NA,NA,I,2009,w,braun,2009-06-10
98851,61-70,w,9,91,Pudel,NA,NA,NA,K,2009,w,apricot,2009-10-10
98950,31-40,w,10,101,Australian Shepherd,NA,NA,NA,I,2009,w,blue/merle,2009-11-10
99100,51-60,w,10,101,Pudel,NA,NA,NA,K,2009,m,apricot,2009-07-10
99101,41-50,m,10,102,Französische Bulldogge,NA,NA,NA,K,2009,w,grau/beige,2009-01-10
99137,61-70,w,11,119,Mischling klein,NA,NA,NA,K,2009,m,schwarz/braun,2009-07-10
99140,41-50,m,7,74,Labrador Retriever,NA,NA,NA,I,2009,w,braun,2009-01-10
99375,41-50,w,3,34,Beagle,NA,NA,NA,K,2009,m,tricolor,2009-08-10
99542,51-60,m,3,33,Pekingese,NA,NA,NA,K,2009,m,braun,2009-06-10
99681,81-90,w,8,82,Mischling klein,NA,NA,NA,K,2009,m,sandfarbig,2009-11-10
99688,51-60,w,2,21,Continental Bulldog,NA,NA,NA,I,2009,w,schwarz/weiss,2009-09-10
99702,31-40,w,9,91,Zwergpinscher,NA,NA,NA,K,2009,w,schwarz/rot,2009-01-10
99703,61-70,m,3,34,Cairn Terrier,NA,NA,NA,K,2009,w,gestromt,2009-05-10
99711,71-80,w,10,101,Pudel,NA,NA,NA,K,2009,m,black/tan,2009-09-10
99727,41-50,w,10,101,Bolonka Zwetna,NA,NA,NA,K,2009,m,schwarz/weiss,2009-08-10
99731,61-70,m,6,63,Portugiesischer Wasserhund,NA,NA,NA,I,2009,m,schwarz/weiss,2009-09-10
99732,41-50,w,2,21,Australian Terrier,NA,NA,NA,K,2009,w,rot,2009-02-10
99751,61-70,w,9,92,Pudel,NA,NA,NA,K,2009,w,schwarz,2009-01-10
99764,31-40,w,11,111,Chihuahua,NA,NA,NA,K,2009,w,rot,2009-05-10
99765,51-60,m,3,33,Französische Bulldogge,NA,NA,NA,K,2009,w,weiss/schwarz,2009-06-10
99774,51-60,w,11,111,Golden Retriever,NA,NA,NA,I,2009,m,golden,2009-10-10
99780,41-50,w,10,101,Jack Russel Terrier,NA,NA,NA,K,2009,w,tricolor,2009-11-10
99784,61-70,w,10,101,Tibet Terrier,Mischling,NA,NA,K,2009,m,weiss/beige,2009-03-10
99785,51-60,w,2,23,Chihuahua,NA,NA,NA,K,2009,m,braun/weiss,2009-09-10
99803,41-50,w,3,34,Pinscher,NA,NA,NA,K,2009,w,tricolor,2009-01-10
99804,51-60,m,9,91,Labrador Retriever,NA,NA,NA,I,2009,m,blondfarben,2009-05-10
99808,41-50,w,3,33,Mops,NA,NA,NA,K,2009,m,beige,2009-10-10
99810,51-60,w,9,91,Golden Retriever,NA,NA,NA,I,2009,w,beige,2009-11-10
99825,51-60,w,8,81,Havaneser,NA,NA,NA,K,2009,w,weiss/beige,2009-03-10
99826,61-70,m,5,52,Shiba Inu,NA,NA,NA,K,2009,m,rot,2009-09-10
99828,31-40,w,9,91,Parson Russell Terrier,NA,NA,NA,K,2009,w,tricolor,2009-12-10
99830,21-30,w,10,101,Bichon Havanais,NA,NA,NA,K,2009,w,weiss,2009-07-10
99844,51-60,w,11,119,Labrador Retriever,Mischling,NA,NA,I,2009,w,schwarz/weiss,2009-08-10
99857,61-70,m,11,119,Australian Shepherd,NA,NA,NA,I,2009,m,tricolor,2009-01-10
99860,31-40,m,11,119,Mops,NA,NA,NA,K,2009,w,schwarz,2009-06-10
99873,31-40,w,2,21,Havaneser,NA,NA,NA,K,2009,w,braun,2009-11-10
99874,41-50,w,9,91,Chihuahua,NA,NA,NA,K,2009,w,braun,2009-08-10
99880,41-50,w,10,101,Yorkshire Terrier,NA,NA,NA,K,2009,w,schwarz/braun,2009-03-10
99880,41-50,w,10,101,Yorkshire Terrier,NA,NA,NA,K,2009,m,schwarz/braun,2009-09-10
99934,21-30,w,8,81,Hirtenhund,NA,Labrador Retriever,NA,I,2009,w,schwarz/weiss,2009-08-10
99983,51-60,w,11,115,Chihuahua,NA,NA,NA,K,2009,m,black/tan,2009-02-10
99988,31-40,w,7,74,Labrador Retriever,NA,NA,NA,I,2009,m,gelb,2009-01-10
100061,41-50,m,2,21,Cairn Terrier,NA,NA,NA,K,2009,w,brindle,2009-01-10
100138,41-50,m,4,44,Boxer,NA,NA,NA,I,2009,w,gestromt,2009-02-10
100139,61-70,w,12,122,Mischling klein,NA,NA,NA,K,2009,m,weiss/beige,2009-12-10
100147,31-40,w,2,24,Mischling klein,NA,NA,NA,K,2009,w,braun,2009-01-10
100161,61-70,m,6,63,Afghane,NA,NA,NA,I,2009,w,rot,2009-05-10
100181,31-40,w,9,92,Zwergpudel,NA,NA,NA,K,2009,m,schwarz,2009-08-10
100192,41-50,m,7,73,Gordon Setter,NA,NA,NA,I,2009,w,schwarz/beige/grau,2009-09-10
100200,21-30,w,10,101,Schäfer,NA,NA,NA,I,2009,m,weiss,2009-12-10
100258,51-60,w,9,92,Terrier,Mischling,NA,NA,K,2009,w,tricolor,2009-12-10
100270,51-60,m,12,122,Chihuahua,NA,NA,NA,K,2009,w,schwarz/weiss,2009-05-10
100279,61-70,w,11,119,Yorkshire Terrier,NA,NA,NA,K,2009,w,blue/tan,2009-04-10
100285,31-40,w,4,42,Podenco,NA,NA,NA,I,2009,w,rot/weiss,2009-11-10
100299,31-40,m,12,123,Pekingese,NA,NA,NA,K,2009,w,beige,2009-12-10
100343,41-50,w,7,72,Gordon Setter,NA,NA,NA,I,2009,m,black/tan,2009-06-10
100467,31-40,m,11,115,Französische Bulldogge,NA,NA,NA,K,2009,w,braun/weiss,2009-06-10
100645,71-80,w,8,81,Mudi,NA,NA,NA,I,2009,m,schwarz,2009-06-10
100647,61-70,w,2,21,Eurasier,NA,NA,NA,I,2009,w,rot,2009-04-10
100661,61-70,m,3,34,Schäfer,Mischling,NA,NA,I,2009,w,braun/schwarz,2009-08-10
100761,51-60,w,11,111,Yorkshire Terrier,NA,NA,NA,K,2009,w,tricolor,2009-07-10
100776,41-50,w,11,111,Jack Russel Terrier,NA,NA,NA,K,2009,w,schwarz/weiss,2009-01-10
100821,41-50,w,10,101,English Cocker Spaniel,NA,NA,NA,K,2009,w,rot,2009-11-10
100823,61-70,w,5,51,Yorkshire Terrier,NA,NA,NA,K,2009,w,blue/tan,2009-03-10
100824,21-30,w,11,115,Pudel,NA,Chihuahua,NA,K,2009,w,braun/schwarz,2009-09-10
100833,31-40,w,11,115,Labrador Retriever,NA,NA,NA,I,2009,m,braun,2009-02-10
100849,51-60,w,2,23,Englische Bulldogge,NA,NA,NA,I,2009,m,beige/weiss,2009-01-10
100862,41-50,w,4,42,Mischling klein,NA,NA,NA,K,2009,w,rot/weiss,2009-01-10
100944,31-40,w,1,11,Chihuahua,NA,NA,NA,K,2009,m,beige,2009-04-10
100981,31-40,w,10,102,Rehpinscher,NA,NA,NA,K,2009,m,schwarz/braun,2009-11-10
101003,41-50,w,11,115,Mischling klein,NA,NA,NA,K,2009,m,schwarz/beige,2009-03-10
101049,61-70,w,10,101,Pudel,NA,NA,NA,K,2009,w,schwarz/weiss,2009-02-10
101069,41-50,w,10,101,Border Collie,NA,Deutscher Schäfer,NA,I,2009,w,schwarz/braun,2009-12-10
101076,31-40,m,2,23,American Cocker Spaniel,NA,NA,NA,K,2009,w,schwarz,2009-07-10
101236,61-70,w,4,44,Pekingese,NA,NA,NA,K,2009,w,braun,2009-01-10
101276,41-50,w,7,72,Pudel,NA,NA,NA,K,2009,w,silber,2009-06-10
101301,71-80,m,10,101,Tibetan Spaniel,NA,NA,NA,K,2009,m,sable,2009-04-10
101314,51-60,m,5,52,Schäfer,NA,Riesenschnauzer,NA,I,2009,m,schwarz/grau,2009-10-10
101324,31-40,w,3,33,Boxer,NA,NA,NA,I,2009,m,schwarz,2009-11-10
101435,51-60,w,9,92,Volpino,NA,Whippet,NA,I,2009,w,beige,2009-02-10
101485,61-70,w,9,91,Labrador Retriever,NA,Belgischer Schäfer,NA,I,2009,m,braun/schwarz,2009-06-10
101550,31-40,m,3,34,Jack Russel Terrier,NA,NA,NA,K,2009,m,braun/weiss/schwarz,2009-10-10
101624,61-70,w,9,92,Mischling klein,NA,NA,NA,K,2009,w,schwarz/braun,2009-08-10
101628,41-50,w,12,122,Mischling klein,NA,NA,NA,K,2009,w,schwarz/braun/weiss,2009-03-10
101653,41-50,w,6,61,Französische Bulldogge,NA,NA,NA,K,2009,w,gestromt,2009-07-10
101666,21-30,w,9,92,Chihuahua,NA,NA,NA,K,2009,m,hellbraun/weiss,2009-01-10
101674,61-70,m,2,23,Labrador Retriever,NA,NA,NA,I,2009,m,rot,2009-04-10
101707,61-70,w,11,111,Dachshund,Mischling,NA,NA,K,2009,w,schwarz,2009-08-10
101742,51-60,w,10,101,Rhodesian Ridgeback,Mischling,NA,NA,I,2009,m,hellbraun,2009-02-10
101743,61-70,m,11,111,Malteser,NA,NA,NA,K,2009,w,weiss,2009-12-10
101836,21-30,w,11,119,Berner Sennenhund,NA,Collie,NA,I,2009,m,schwarz/braun,2009-03-10
101941,31-40,w,6,61,Chihuahua,NA,NA,NA,K,2009,w,weiss,2009-01-10
101943,51-60,w,11,119,Griffon,NA,NA,NA,I,2009,w,braun,2009-05-10
101952,61-70,m,3,34,Chihuahua,NA,NA,NA,K,2009,m,hellbraun,2009-04-10
102060,41-50,w,12,121,Pudel,NA,NA,NA,K,2009,w,schwarz,2009-02-10
102069,41-50,w,5,52,Bolonka Zwetna,NA,NA,NA,K,2009,m,schwarz,2009-12-10
102083,21-30,w,11,111,Beagle,NA,NA,NA,K,2009,m,tricolor,2009-01-10
102303,31-40,m,3,31,Mischling klein,NA,NA,NA,K,2009,w,tricolor,2009-10-10
102325,31-40,w,3,31,Labrador Retriever,NA,NA,NA,I,2009,w,braun,2009-03-10
102326,41-50,w,9,92,Terrier,NA,NA,NA,K,2009,m,weiss/schwarz,2009-09-10
102340,61-70,w,12,122,Yorkshire Terrier,NA,NA,NA,K,2009,w,schwarz/braun,2009-01-10
102402,71-80,m,7,72,Pinscher,NA,NA,NA,K,2009,w,schwarz/braun,2009-12-10
102407,41-50,w,4,44,Galgo Español,Mischling,NA,NA,I,2009,m,weiss/braun,2009-07-10
102409,51-60,w,3,34,Yorkshire Terrier,NA,NA,NA,K,2009,w,braun/schwarz,2009-01-10
102411,31-40,w,9,92,Rehpinscher,NA,NA,NA,K,2009,m,schwarz,2009-05-10
102474,51-60,m,11,111,Labrador Retriever,NA,NA,NA,I,2009,w,schwarz,2009-10-10
102734,51-60,w,10,101,Flat Coated Retriever,NA,NA,NA,I,2009,w,schwarz,2009-01-10
102735,41-50,w,6,61,Französische Bulldogge,NA,NA,NA,K,2009,m,weiss,2009-05-10
102757,31-40,m,2,21,Jack Russel Terrier,NA,NA,NA,K,2009,m,weiss/braun,2009-06-10
102766,51-60,w,3,31,Chihuahua,NA,NA,NA,K,2009,w,weiss/braun,2009-10-10
102847,31-40,w,2,21,Labrador Retriever,Mischling,NA,NA,I,2009,w,hellbraun,2009-03-10
103015,41-50,w,12,123,Bolonka Zwetna,NA,NA,NA,K,2009,m,schwarz,2009-03-10
103203,71-80,m,10,101,Jack Russel Terrier,NA,NA,NA,K,2009,m,tricolor,2009-10-10
103332,61-70,w,2,21,Malteser,Mischling,NA,NA,K,2009,m,weiss,2009-01-10
103371,51-60,m,2,24,Zwergpudel,NA,NA,NA,K,2009,m,black/tan,2009-10-10
103430,41-50,m,11,111,Mittelspitz,NA,NA,NA,K,2009,w,weiss,2009-03-10
103438,51-60,w,9,92,Sheltie,Mischling,NA,NA,K,2009,w,beige,2009-09-10
103616,71-80,m,10,101,Mischling klein,NA,NA,NA,K,2009,m,schwarz/braun,2009-10-10
103617,51-60,w,10,101,Dackel,Mischling,NA,NA,K,2009,w,schwarz,2009-03-10
103662,71-80,w,7,72,Border Collie,Mischling,NA,NA,I,2009,m,schwarz/weiss,2009-01-10
103974,31-40,w,10,102,Zwergschnauzer,NA,NA,NA,K,2009,w,grau,2009-01-10
103988,51-60,w,11,111,Foxterrier,NA,NA,NA,K,2009,m,tricolor,2009-06-10
104651,51-60,w,6,61,Chihuahua,NA,NA,NA,K,2009,w,schwarz/braun,2009-01-10
104715,71-80,w,6,63,Pointer,NA,NA,NA,I,2009,w,weiss/orange,2009-08-10
104733,51-60,m,9,91,Labrador Retriever,NA,NA,NA,I,2009,m,schwarz,2009-09-10
104776,61-70,w,10,101,Mischling klein,NA,NA,NA,K,2009,w,schwarz/braun,2009-05-10
105372,71-80,w,7,73,Chihuahua,NA,NA,NA,K,2009,w,tricolor,2009-04-10
105449,31-40,m,2,21,Mischling gross,NA,NA,NA,I,2009,m,braun,2009-01-10
105485,31-40,w,7,72,Beagle,NA,NA,NA,K,2009,w,tricolor,2009-10-10
105552,31-40,m,7,72,Labrador Retriever,NA,NA,NA,I,2009,w,schwarz,2009-01-10
105585,41-50,w,9,92,Chinese Crested,NA,NA,NA,K,2009,m,schwarz,2009-06-10
106790,31-40,w,10,101,Pudel,NA,Malteser,NA,K,2009,w,schwarz/weiss,2009-05-10
106918,51-60,w,7,72,Dackel,NA,Labrador Retriever,NA,I,2009,w,schwarz,2009-12-10
107010,41-50,w,3,34,Mops,NA,NA,NA,K,2009,w,sandfarbig,2009-09-10
107093,31-40,w,5,52,Schäfer,Mischling,NA,NA,I,2009,m,schwarz/braun/beige,2009-01-10
107339,31-40,w,5,51,West Highland White Terrier,NA,NA,NA,K,2009,m,weiss,2009-07-10
107378,41-50,m,4,42,Beagle,NA,NA,NA,K,2009,w,tricolor,2009-01-10
107636,41-50,w,6,61,Mischling klein,NA,NA,NA,K,2009,m,creme,2009-11-10
107885,31-40,w,7,71,Boxer,NA,NA,NA,I,2009,w,gelb,2009-02-10
107998,51-60,w,12,123,Yorkshire Terrier,NA,NA,NA,K,2009,m,black/tan,2009-11-10
107999,31-40,w,9,92,Boston Terrier,NA,NA,NA,K,2009,w,schwarz/weiss,2009-08-10
108034,31-40,w,9,91,Border Collie,NA,Husky,NA,I,2009,w,schwarz/weiss/braun,2009-02-10
108136,51-60,w,10,101,Katalanischer Schäferhund,NA,NA,NA,I,2009,w,fauve,2009-03-10
108170,41-50,w,3,31,Jack Russel Terrier,NA,NA,NA,K,2009,w,schwarz gestromt,2009-01-10
108228,41-50,w,7,74,Chihuahua,NA,NA,NA,K,2009,w,braun/weiss,2009-11-10
108337,31-40,w,11,111,Elo,NA,NA,NA,I,2009,w,braun/weiss,2009-05-10
108391,31-40,w,2,21,Scottish Terrier,NA,NA,NA,K,2009,m,schwarz,2009-11-10
108452,51-60,m,6,61,Englische Bulldogge,NA,NA,NA,I,2009,m,weiss/braun,2009-07-10
109151,21-30,w,8,83,Jack Russel Terrier,NA,NA,NA,K,2009,w,tricolor,2009-06-10
109262,21-30,w,11,111,Boxer,NA,NA,NA,I,2009,w,gestromt,2009-09-10
109471,61-70,w,8,81,Shih Tzu,NA,NA,NA,K,2009,w,grau/schwarz,2009-05-10
109486,51-60,w,7,72,Zwergdachshund,NA,NA,NA,K,2009,w,schwarz/rot,2009-09-10
109515,21-30,w,9,92,Yorkshire Terrier,NA,NA,NA,K,2009,w,schwarz/braun,2009-01-10
109684,31-40,w,4,42,Mischling gross,NA,NA,NA,I,2009,m,braun/weiss,2009-05-10
109777,21-30,w,12,122,Bolonka Zwetna,Mischling,NA,NA,K,2009,m,weiss/schwarz,2009-04-10
109882,41-50,m,1,11,Parson Jack Russell Terrier,NA,NA,NA,K,2009,m,weiss/rot,2009-03-10
110012,21-30,w,11,115,Chihuahua,NA,NA,NA,K,2009,m,weiss/creme,2009-01-10
110134,41-50,w,7,71,West Highland White Terrier,NA,NA,NA,K,2009,w,weiss,2009-09-10
110291,31-40,w,12,123,Spaniel,NA,NA,NA,K,2009,w,schwarz/weiss,2009-04-10
110356,71-80,w,7,73,Mischling klein,NA,NA,NA,K,2009,m,schwarz/braun/weiss,2009-02-10
110549,61-70,w,8,81,Continental Bulldog,NA,NA,NA,I,2009,m,hirschrot,2009-11-10
110872,51-60,w,10,102,Dackel,NA,NA,NA,K,2009,w,schwarz/braun,2009-05-10
111035,61-70,w,4,44,Border Collie,NA,NA,NA,I,2009,m,schwarz/weiss,2009-05-10
111381,61-70,m,11,115,Yorkshire Terrier,NA,NA,NA,K,2009,w,gold/weiss,2009-11-10
112258,51-60,w,7,74,Griffon,Mischling,NA,NA,I,2009,w,weiss/beige,2009-04-10
112499,41-50,w,7,74,Dachshund,NA,NA,NA,K,2009,m,schwarz/rot,2009-12-10
112906,31-40,w,6,61,Berner Sennenhund,NA,NA,NA,I,2009,w,schwarz/braun/weiss,2009-11-10
112940,31-40,w,3,34,Mops,NA,NA,NA,K,2009,w,beige,2009-09-10
113054,71-80,w,12,123,Bichon frisé,NA,NA,NA,K,2009,w,weiss,2009-08-10
113517,31-40,w,6,63,Hovawart,NA,NA,NA,I,2009,w,schwarz/beige,2009-08-10
113702,31-40,w,11,115,Continental Bulldog,NA,NA,NA,I,2009,m,rot/weiss,2009-05-10
113739,31-40,w,7,74,Malteser,NA,NA,NA,K,2009,m,weiss,2009-10-10
113862,41-50,m,4,44,Chihuahua,NA,NA,NA,K,2009,m,tricolor,2009-01-10
114106,31-40,m,3,34,Mischling gross,NA,NA,NA,I,2009,m,weiss,2009-03-10
114129,31-40,m,10,101,Podenco Ibicenco,NA,NA,NA,I,2009,w,schwarz/weiss,2009-11-10
114129,31-40,m,10,101,Podenco Ibicenco,NA,NA,NA,I,2009,m,braun/weiss,2009-08-10
114396,31-40,w,12,123,Irish Terrier,NA,NA,NA,I,2009,m,braun,2009-01-10
114534,31-40,m,12,121,Jack Russel Terrier,Mischling,NA,NA,K,2009,m,schwarz/weiss/braun,2009-01-10
114996,61-70,w,2,21,Zwergschnauzer,NA,NA,NA,K,2009,w,grau/weiss,2009-02-10
115126,21-30,w,7,71,Pudel,NA,NA,NA,K,2009,w,schwarz,2009-09-10
115141,21-30,w,7,74,Griffon,NA,NA,NA,I,2009,w,rot/braun,2009-07-10
115213,41-50,w,12,121,Chihuahua,NA,NA,NA,K,2009,w,weiss/beige,2009-01-10
115393,51-60,w,10,102,Deutscher Schäfer,NA,NA,NA,I,2009,m,schwarz/braun,2009-08-10
115431,61-70,m,12,122,Pekingese,NA,NA,NA,K,2009,w,braun,2009-04-10
115563,51-60,m,3,31,Mischling klein,NA,NA,NA,K,2009,m,schwarz,2009-01-10
115675,21-30,w,9,92,Cocker Spaniel,NA,NA,NA,K,2009,w,hellbraun,2009-09-10
115913,21-30,m,11,119,Rauhaar Dackel,NA,NA,NA,K,2009,m,braun,2009-10-10
116548,31-40,m,10,102,Spinone,Mischling,NA,NA,I,2009,w,braun,2009-07-10
116859,21-30,m,3,31,Chihuahua,NA,NA,NA,K,2009,m,weiss,2009-04-10
116910,31-40,m,11,111,Bolonka Zwetna,NA,NA,NA,K,2009,m,schwarz/weiss,2009-02-10
117049,31-40,w,9,92,Chihuahua,NA,NA,NA,K,2009,m,weiss/schwarz,2009-02-10
117309,51-60,w,7,71,Foxterrier,NA,NA,NA,K,2009,w,weiss/schwarz/braun,2009-01-10
117576,41-50,w,5,52,Yorkshire Terrier,NA,NA,NA,K,2009,w,blue/tan,2009-09-10
117866,51-60,m,8,82,Golden Retriever,NA,NA,NA,I,2009,w,golden,2009-11-10
117962,41-50,w,7,71,Dackel,NA,NA,NA,K,2009,m,schwarz/braun,2009-02-10
118119,41-50,w,1,11,Spitz,NA,NA,NA,K,2009,w,schwarz/weiss/beige,2009-04-10
118166,41-50,w,2,21,Golden Retriever,NA,NA,NA,I,2009,w,golden,2009-12-10
118182,31-40,m,9,91,Mischling gross,NA,NA,NA,I,2009,w,beige,2009-07-10
118245,51-60,w,11,115,Spitz,NA,Pekingese,NA,K,2009,w,braun/schwarz/weiss,2009-09-10
118404,31-40,w,9,92,Mops,NA,NA,NA,K,2009,w,beige,2009-09-10
118660,71-80,w,10,101,Tibetan Spaniel,NA,NA,NA,K,2009,m,schwarz/braun,2009-11-10
119228,41-50,w,6,63,Cavalier King Charles Spaniel,NA,NA,NA,K,2009,m,tricolor,2009-03-10
119415,51-60,m,8,83,Field Spaniel,NA,NA,NA,I,2009,m,braun,2009-10-10
119529,51-60,m,6,61,Mischling klein,NA,NA,NA,K,2009,m,weiss/beige,2009-09-10
119638,21-30,w,11,115,Dackel,NA,Jack Russel Terrier,NA,K,2009,w,schwarz/braun,2009-08-10
119640,51-60,m,11,115,Flat Coated Retriever,NA,NA,NA,I,2009,m,schwarz,2009-03-10
119710,41-50,w,7,71,Yorkshire Terrier,NA,NA,NA,K,2009,w,black/tan,2009-02-10
119714,41-50,m,2,21,Chihuahua,Mischling,NA,NA,K,2009,m,weiss,2009-12-10
119722,41-50,m,7,74,Mischling gross,NA,NA,NA,I,2009,w,blond/weiss,2009-01-10
119851,61-70,w,11,115,Chinese Crested,NA,NA,NA,K,2009,m,braun,2009-06-10
119968,21-30,w,9,92,Chihuahua,NA,NA,NA,K,2009,m,schwarz/braun/weiss,2009-04-10
120399,41-50,w,7,73,Yorkshire Terrier,NA,NA,NA,K,2009,w,black/tan,2009-07-10
120440,41-50,m,2,21,Bretonischer Spaniel,NA,NA,NA,I,2009,m,braun/weiss,2009-08-10
120440,41-50,m,2,21,Bretonischer Spaniel,NA,NA,NA,I,2009,m,braun/weiss,2009-03-10
120479,41-50,m,4,44,Französische Bulldogge,NA,NA,NA,K,2009,m,gestromt,2009-05-10
120583,41-50,m,4,42,Pinscher,NA,NA,NA,K,2009,m,schwarz,2009-11-10
120734,61-70,m,11,119,Chihuahua,NA,NA,NA,K,2009,w,beige,2009-07-10
120832,71-80,m,4,42,Jack Russel Terrier,NA,Chihuahua,NA,K,2009,m,weiss/schwarz,2009-10-10
120998,31-40,w,3,34,Chihuahua,NA,NA,NA,K,2009,m,beige,2009-12-10
121081,61-70,w,12,123,Grosspudel,NA,NA,NA,I,2009,w,weiss,2009-01-10
121092,61-70,w,10,101,Norwich Terrier,NA,NA,NA,K,2009,w,black/tan,2009-05-10
121149,21-30,w,4,42,Chihuahua,NA,NA,NA,K,2009,m,braun/weiss,2009-08-10
121551,41-50,w,9,92,Shiba Inu,NA,NA,NA,K,2009,w,hellbraun,2009-12-10
121738,41-50,w,10,102,Bichon frisé,NA,NA,NA,K,2009,w,weiss,2009-04-10
121881,21-30,m,12,122,Chihuahua,NA,Pekingese,NA,K,2009,w,blondfarben,2009-09-10
122041,41-50,m,4,42,Rhodesian Ridgeback,NA,NA,NA,I,2009,m,wheaton,2009-10-10
122163,51-60,m,9,92,Zwergspitz,NA,NA,NA,K,2009,m,schwarz/weiss,2009-10-10
122515,41-50,w,6,61,Australian Shepherd,NA,Pudel,NA,I,2009,w,braun,2009-09-10
122950,21-30,w,4,42,Dackel,Mischling,NA,NA,K,2009,m,braun,2009-01-10
123116,31-40,w,7,72,Pyrenäen,NA,NA,NA,I,2009,m,grau,2009-09-10
123207,31-40,w,11,111,Mischling gross,NA,NA,NA,I,2009,w,schwarz/weiss,2009-01-10
123329,51-60,w,11,111,Zwergpudel,NA,NA,NA,K,2009,m,apricot,2009-03-10
123591,41-50,w,11,115,Islandhund,NA,NA,NA,K,2009,m,creme,2009-03-10
123731,51-60,w,3,31,Jack Russel Terrier,NA,NA,NA,K,2009,w,schwarz/weiss,2009-12-10
123926,41-50,w,11,111,Zwergpinscher,NA,NA,NA,K,2009,m,schwarz/braun,2009-10-10
123945,41-50,m,9,92,Mischling klein,NA,NA,NA,K,2009,w,grau/braun/schwarz,2009-02-10
124165,41-50,m,12,123,Chihuahua,NA,NA,NA,K,2009,w,beige,2009-11-10
124170,51-60,w,12,123,Yorkshire Terrier,NA,NA,NA,K,2009,m,schwarz/braun,2009-08-10
124254,31-40,m,1,12,Labrador Retriever,NA,NA,NA,I,2009,m,schwarz,2009-01-10
124359,31-40,w,2,24,Chihuahua,NA,NA,NA,K,2009,m,weiss/beige,2009-02-10
124375,61-70,w,11,119,Yorkshire Terrier,NA,NA,NA,K,2009,m,schwarz/braun,2009-01-10
124435,41-50,w,10,101,Jack Russel Terrier,NA,NA,NA,K,2009,m,hellbraun,2009-08-10
124446,31-40,w,10,101,Podenco,NA,NA,NA,I,2009,w,tricolor,2009-03-10
124733,31-40,m,10,101,Mops,NA,NA,NA,K,2009,m,beige,2009-06-10
124737,51-60,w,6,63,Irish Soft Coated Wheaten Terrier,NA,NA,NA,I,2009,m,weizen,2009-10-10
124783,41-50,m,3,34,Chihuahua,NA,NA,NA,K,2009,m,beige,2009-01-10
124835,51-60,w,6,63,West Highland White Terrier,NA,Malteser,NA,K,2009,w,creme,2009-12-10
125069,21-30,w,12,122,Chihuahua,NA,NA,NA,K,2009,m,beige/grau,2009-01-10
125106,21-30,w,11,111,Yorkshire Terrier,NA,NA,NA,K,2009,w,schwarz/braun,2009-05-10
125183,31-40,m,8,82,Malteser,NA,NA,NA,K,2009,w,weiss,2009-06-10
125225,31-40,w,11,115,Chihuahua,NA,NA,NA,K,2009,w,tricolor,2009-08-10
125273,41-50,w,6,61,Golden Retriever,Mischling,NA,NA,I,2009,w,schwarz/weiss,2009-04-10
125368,31-40,w,3,31,Parson Russell Terrier,NA,NA,NA,K,2009,m,schwarz/weiss,2009-06-10
125575,21-30,w,11,115,Boxer,NA,NA,NA,I,2009,w,fawn,2009-01-10
125605,31-40,w,6,61,Chihuahua,NA,NA,NA,K,2009,w,braun/weiss,2009-03-10
125641,21-30,w,12,122,Mops,NA,NA,NA,K,2009,m,beige,2009-03-10
125651,61-70,w,7,72,Podenco,NA,NA,NA,I,2009,w,braun,2009-02-10
125775,41-50,m,2,24,Yorkshire Terrier,NA,NA,NA,K,2009,m,black/tan,2009-09-10
125825,51-60,m,7,72,Weimaraner,NA,NA,NA,I,2009,m,grau,2009-01-10
125829,31-40,w,6,63,Mischling klein,NA,NA,NA,K,2009,w,weiss/schwarz,2009-05-10
125832,51-60,w,7,71,Bolonka Zwetna,NA,NA,NA,K,2009,w,schwarz,2009-06-10
125870,21-30,m,3,34,Jack Russel Terrier,NA,NA,NA,K,2009,w,tricolor,2009-01-10
125872,41-50,w,4,42,Mischling klein,NA,NA,NA,K,2009,m,weiss/beige,2009-06-10
125924,21-30,w,11,119,Chihuahua,NA,NA,NA,K,2009,w,beige,2009-10-10
125930,31-40,w,6,63,Shetland Sheepdog,NA,NA,NA,K,2009,w,zobel,2009-08-10
125994,31-40,w,2,24,Labrador Retriever,NA,NA,NA,I,2009,w,schwarz,2009-07-10
126116,61-70,w,8,83,Rauhaar Dackel,NA,NA,NA,K,2009,m,saufarben,2009-12-10
126125,41-50,m,4,44,Chihuahua,NA,NA,NA,K,2009,m,beige,2009-04-10
126540,51-60,m,4,42,English Cocker Spaniel,NA,NA,NA,K,2009,m,braun schimmel,2009-12-10
126560,21-30,w,2,21,Podenco,Mischling,NA,NA,I,2009,m,hellbraun,2009-01-10
126746,41-50,w,11,111,Yorkshire Terrier,NA,NA,NA,K,2009,m,blue/tan,2009-01-10
126873,21-30,w,2,23,Pinscher,NA,NA,NA,K,2009,w,braun,2009-02-10
126962,31-40,m,3,34,Chihuahua,NA,NA,NA,K,2009,m,black/tan,2009-02-10
126963,21-30,w,11,111,Mischling gross,NA,NA,NA,I,2009,w,schwarz,2009-12-10
127031,41-50,m,10,101,Deutscher Schäfer,NA,NA,NA,I,2009,m,schwarz/braun,2009-12-10
127126,71-80,w,12,122,Cocker Spaniel,NA,NA,NA,K,2009,w,zobel,2009-12-10
127346,61-70,w,7,74,Lagotto Romagnolo,NA,NA,NA,I,2009,w,beige/braun,2009-11-10
127406,61-70,m,12,122,Malteser,NA,NA,NA,K,2009,m,weiss,2009-11-10
127410,61-70,m,4,42,Dachshund,Mischling,NA,NA,K,2009,m,braun,2009-08-10
127458,71-80,w,2,24,Australian Cattle Dog,NA,NA,NA,I,2009,m,blue,2009-06-10
127553,71-80,m,11,115,Chihuahua,NA,NA,NA,K,2009,w,weiss/beige,2009-01-10
127555,41-50,w,3,34,Pudel,NA,NA,NA,K,2009,w,apricot,2009-06-10
127656,31-40,w,7,72,Toypudel,NA,NA,NA,K,2009,m,schwarz,2009-02-10
127656,31-40,w,7,72,Toypudel,NA,NA,NA,K,2009,m,schwarz,2009-12-10
127658,31-40,w,3,34,Mischling gross,NA,NA,NA,I,2009,w,schwarz/weiss,2009-01-10
127668,31-40,w,3,34,Mischling gross,NA,NA,NA,I,2009,m,beige,2009-08-10
127698,41-50,m,9,91,Pudel,NA,NA,NA,K,2009,w,beige,2009-02-10
127707,61-70,m,11,115,Parson Jack Russell Terrier,NA,NA,NA,K,2009,w,weiss/rot,2009-01-10
127709,51-60,w,11,115,Chihuahua,NA,NA,NA,K,2009,w,rot/beige,2009-05-10
127758,31-40,w,9,92,Malteser,NA,NA,NA,K,2009,m,weiss,2009-02-10
127762,31-40,m,4,44,Yorkshire Terrier,NA,NA,NA,K,2009,m,braun/schwarz,2009-01-10
127766,51-60,w,8,82,Pudel,NA,NA,NA,K,2009,m,goldbraun,2009-06-10
127767,41-50,w,12,122,Chihuahua,NA,NA,NA,K,2009,m,braun,2009-04-10
127819,21-30,w,11,111,Chihuahua,NA,NA,NA,K,2009,w,schwarz/beige,2009-07-10
127843,61-70,m,8,81,Cairn Terrier,NA,NA,NA,K,2009,w,rot/braun,2009-05-10
127853,31-40,w,7,71,Yorkshire Terrier,NA,NA,NA,K,2009,w,schwarz/braun/grau,2009-11-10
127876,41-50,w,11,115,Bergamasker,NA,Australian Shepherd,NA,I,2009,w,braun/schwarz/grau,2009-09-10
127881,31-40,w,12,122,Chihuahua,NA,NA,NA,K,2009,w,weiss,2009-12-10
128034,41-50,w,7,71,Labrador Retriever,NA,NA,NA,I,2009,w,schwarz,2009-01-10
128038,51-60,w,3,31,Flat Coated Retriever,NA,Bergamasker,NA,I,2009,w,schwarz/weiss,2009-06-10
128049,61-70,w,4,44,Beagle,NA,NA,NA,K,2009,w,tricolor,2009-08-10
128093,31-40,m,12,121,Yorkshire Terrier,NA,NA,NA,K,2009,m,blue/tan,2009-04-10
128134,31-40,w,10,102,Chihuahua,NA,NA,NA,K,2009,w,tricolor,2009-09-10
128162,31-40,w,11,115,Französische Bulldogge,NA,NA,NA,K,2009,w,fauve,2009-06-10
128166,31-40,w,9,92,Sheltie,NA,NA,NA,K,2009,w,tricolor,2009-11-10
128271,31-40,w,11,115,Malteser,NA,Yorkshire Terrier,NA,K,2009,m,schwarz/beige,2009-06-10
128416,31-40,w,9,92,Chihuahua,NA,NA,NA,K,2009,w,hellbraun,2009-02-10
128473,41-50,m,8,81,Lagotto Romagnolo,NA,NA,NA,I,2009,m,weiss/braun,2009-02-10
128676,41-50,w,12,123,Beagle,NA,NA,NA,K,2009,m,tricolor,2009-11-10
128679,21-30,w,11,119,Chihuahua,NA,NA,NA,K,2009,w,beige/weiss,2009-03-10
128801,31-40,w,12,122,Australian Cattle Dog,NA,NA,NA,I,2009,w,rot,2009-04-10
128914,41-50,w,6,63,Chihuahua,Mischling,NA,NA,K,2009,m,beige/braun,2009-10-10
128987,31-40,w,12,122,Chihuahua,NA,NA,NA,K,2009,m,braun/weiss,2009-12-10
129015,41-50,w,10,101,Podenco,Mischling,NA,NA,I,2009,m,braun,2009-06-10
129119,51-60,w,1,11,Chihuahua,NA,NA,NA,K,2009,m,hellbraun/weiss,2009-01-10
129120,31-40,m,6,61,Deutscher Schäfer,NA,NA,NA,I,2009,m,schwarz/braun,2009-01-10
129126,31-40,w,11,111,Papillon,NA,Epagneul,NA,I,2009,m,tricolor,2009-05-10
129127,21-30,w,11,119,Chihuahua,NA,NA,NA,K,2009,w,braun gestromt,2009-06-10
129128,41-50,w,7,71,Nova Scotia Duck Tolling Retriever,NA,NA,NA,I,2009,m,rotbraun/weiss,2009-10-10
129203,31-40,w,5,52,Terrier,Mischling,NA,NA,K,2009,m,braun/weiss,2009-07-10
129262,41-50,w,7,72,Berner Sennenhund,NA,NA,NA,I,2009,m,tricolor,2009-07-10
129441,81-90,w,4,44,Papillon,NA,NA,NA,K,2009,m,rot/weiss,2009-03-10
129957,31-40,w,2,21,West Highland White Terrier,NA,NA,NA,K,2009,m,weiss,2009-01-10
130140,41-50,w,11,115,Zwergpinscher,NA,NA,NA,K,2009,m,braun,2009-05-10
130141,21-30,m,7,74,Chihuahua,NA,NA,NA,K,2009,w,weiss/blau,2009-06-10
130202,51-60,w,7,74,Malinois,NA,Appenzeller,NA,I,2009,w,choco,2009-05-10
130463,21-30,w,11,115,Golden Retriever,NA,NA,NA,I,2009,m,golden,2009-05-10
130463,21-30,w,11,115,Mischling gross,NA,NA,NA,I,2009,w,blondfarben,2009-06-10
130541,31-40,m,2,21,Magyar Viszla,NA,NA,NA,I,2009,w,gelb,2009-05-10
130723,41-50,w,7,74,Yorkshire Terrier,NA,NA,NA,K,2009,w,braun,2009-06-10
130799,21-30,w,11,115,Bichon frisé,NA,NA,NA,K,2009,w,weiss,2009-08-10
130923,31-40,w,5,52,Chihuahua,NA,NA,NA,K,2009,m,weiss/braun,2009-01-10
131131,41-50,w,2,21,Malteser,NA,NA,NA,K,2009,m,weiss,2009-12-10
131520,31-40,w,5,51,Yorkshire Terrier,NA,NA,NA,K,2009,w,black/tan,2009-09-10
132054,31-40,w,11,111,West Highland White Terrier,NA,NA,NA,K,2009,m,weiss,2009-11-10
132240,41-50,m,2,21,Labrador Retriever,NA,Australian Cattle Dog,NA,I,2009,w,schwarz,2009-12-10
132272,51-60,w,11,119,Chihuahua,NA,NA,NA,K,2009,w,tricolor,2009-09-10
132285,21-30,w,7,73,Mops,NA,NA,NA,K,2009,m,braun,2009-04-10
132301,41-50,w,9,92,Wasserhund,Mischling,NA,NA,I,2009,w,weiss,2009-07-10
132327,31-40,m,2,21,Beagle,NA,NA,NA,K,2009,m,tricolor,2009-12-10
132395,61-70,w,7,72,Australian Terrier,NA,NA,NA,K,2009,m,rot,2009-01-10
132959,21-30,w,3,33,Jack Russel Terrier,NA,NA,NA,K,2009,m,tricolor,2009-01-10
132966,41-50,w,12,122,Zwergspitz,NA,NA,NA,K,2009,w,braun,2009-11-10
133237,21-30,w,9,91,Katalanischer Schäferhund,NA,NA,NA,I,2009,m,braun,2009-02-10
133402,31-40,w,4,42,Dalmatiner,NA,NA,NA,I,2009,w,schwarz/weiss,2009-04-10
133720,21-30,w,3,34,Mischling klein,NA,NA,NA,K,2009,w,braun,2009-09-10
133778,31-40,m,9,91,Whippet,NA,NA,NA,I,2009,w,grau,2009-11-10
134510,21-30,w,10,101,Malteser,NA,Yorkshire Terrier,NA,K,2009,w,weiss,2009-11-10
134576,71-80,w,4,41,Zwergrauhaardackel,NA,NA,NA,K,2009,w,rot,2009-08-10
134654,31-40,w,8,83,Chihuahua,NA,NA,NA,K,2009,m,braun,2009-11-10
135052,21-30,w,2,21,Französische Bulldogge,NA,NA,NA,K,2009,m,braun/schwarz,2009-03-10
135450,31-40,m,5,51,Mischling gross,NA,NA,NA,I,2009,w,braun,2009-10-10
135525,41-50,w,8,81,Goldendoodle,NA,NA,NA,I,2009,w,blondfarben,2009-05-10
