owner_id,age,gender,city_district,quarter,primary_breed,is_hybrid,secondary_breed,is_secondary_hybrid,breed_type,dog_yob,dog_gender,dog_color,dog_dob
695,41-50,m,6,63,Labrador Retriever,NA,NA,NA,I,2012,w,braun,2012-02-10
4050,41-50,w,11,111,Bichon frisé,NA,NA,NA,K,2012,m,weiss,2012-01-10
4261,71-80,w,7,71,Labrador Retriever,NA,NA,NA,I,2012,w,beige,2012-03-10
6071,61-70,m,3,34,Pointer,NA,NA,NA,I,2012,w,schwarz/braun,2012-05-10
6617,61-70,w,12,122,Grosspudel,NA,NA,NA,I,2012,w,weiss,2012-03-10
19141,61-70,m,4,42,Bolonka Zwetna,NA,NA,NA,K,2012,m,schwarz,2012-04-10
20762,51-60,m,4,42,Zwergpudel,NA,NA,NA,K,2012,m,apricot,2012-01-10
21270,41-50,m,8,81,Grosspudel,NA,NA,NA,I,2012,m,braun,2012-06-10
21393,51-60,m,2,24,Französische Bulldogge,NA,NA,NA,K,2012,m,blue,2012-04-10
23590,61-70,w,9,92,Pinscher,NA,Yorkshire Terrier,NA,K,2012,w,schwarz,2012-06-10
23889,61-70,w,4,42,Pudel,NA,NA,NA,K,2012,m,braun,2012-04-10
63704,71-80,m,10,101,Dachshund,NA,NA,NA,K,2012,w,saufarben,2012-08-10
66757,51-60,w,1,14,Mischling gross,NA,NA,NA,I,2012,m,braun/beige,2012-04-10
66913,51-60,m,8,83,Hovawart,NA,NA,NA,I,2012,w,schwarz,2012-03-10
67018,71-80,w,6,61,Labrador Retriever,NA,NA,NA,I,2012,m,beige,2012-02-10
67308,41-50,w,11,111,Shih Tzu,NA,NA,NA,K,2012,w,braun/weiss,2012-06-10
70176,41-50,w,4,44,Mischling gross,NA,NA,NA,I,2012,w,weiss,2012-11-10
70793,71-80,m,11,115,Soft Coated Wheaten Terrier,NA,NA,NA,I,2012,m,beige,2012-07-10
71024,61-70,w,7,74,Lagotto Romagnolo,NA,NA,NA,I,2012,w,bianco-aranico,2012-01-10
71670,61-70,m,7,71,Deutscher Schäfer,NA,NA,NA,I,2012,w,braun,2012-11-10
71757,41-50,m,4,42,Bouvier,NA,NA,NA,I,2012,m,gestromt,2012-08-10
71893,41-50,w,6,63,Border Collie,NA,NA,NA,I,2012,w,tricolor,2012-09-10
80407,71-80,m,7,72,Labrador Retriever,NA,NA,NA,I,2012,w,schwarz,2012-12-10
80410,51-60,w,7,73,Labrador Retriever,NA,NA,NA,I,2012,w,schwarz,2012-07-10
80412,51-60,m,2,21,Labrador Retriever,NA,NA,NA,I,2012,m,schwarz,2012-01-10
80604,71-80,m,7,72,Labrador Retriever,NA,NA,NA,I,2012,w,schwarz,2012-01-10
80659,51-60,w,3,33,English Springer Spaniel,NA,NA,NA,I,2012,m,schwarz/weiss,2012-05-10
80713,61-70,m,11,111,Dackel,NA,NA,NA,K,2012,w,rot,2012-02-10
80755,61-70,w,9,91,West Highland White Terrier,NA,NA,NA,K,2012,w,weiss,2012-10-10
80767,61-70,w,9,92,Beagle,NA,NA,NA,K,2012,m,tricolor,2012-12-10
80840,51-60,w,10,101,Dalmatiner,Mischling,NA,NA,I,2012,m,schwarz/weiss,2012-06-10
80957,51-60,w,7,74,Riesenschnauzer,NA,NA,NA,I,2012,w,schwarz,2012-01-10
80978,61-70,w,9,92,Mischling klein,NA,NA,NA,K,2012,m,tricolor,2012-10-10
81218,71-80,w,9,91,Cairn Terrier,NA,NA,NA,K,2012,m,rot/braun,2012-08-10
81391,81-90,w,7,71,Lagotto Romagnolo,NA,NA,NA,I,2012,w,braun,2012-07-10
81430,61-70,w,10,102,Bolonka Zwetna,NA,NA,NA,K,2012,w,black/tan,2012-03-10
81457,41-50,w,7,73,Beagle,NA,NA,NA,K,2012,w,tricolor,2012-05-10
81512,81-90,w,7,71,Cairn Terrier,NA,NA,NA,K,2012,w,schwarz/braun,2012-10-10
81528,61-70,w,2,21,Schweizer Sennenhund,NA,NA,NA,I,2012,w,tricolor,2012-03-10
81548,41-50,w,3,31,Labrador Retriever,NA,Flat Coated Retriever,NA,I,2012,m,schwarz,2012-07-10
81631,51-60,w,12,121,Berner Sennenhund,NA,Labrador Retriever,NA,I,2012,m,schwarz,2012-06-10
81638,41-50,w,10,101,Labrador Retriever,Mischling,NA,NA,I,2012,m,beige,2012-04-10
81726,61-70,w,11,111,Dachshund,Mischling,NA,NA,K,2012,m,schwarz/braun,2012-10-10
81738,81-90,w,11,115,Whippet,NA,NA,NA,I,2012,w,rot/braun,2012-09-10
81892,51-60,m,11,119,American Bulldog,NA,NA,NA,I,2012,m,gestromt,2012-12-10
82301,71-80,m,7,71,Irish Soft Coated Wheaten Terrier,NA,NA,NA,I,2012,m,weizen,2012-10-10
82509,51-60,w,7,72,Boxer,NA,Labrador Retriever,NA,I,2012,m,schwarz/weiss,2012-11-10
82558,51-60,w,7,71,Labrador Retriever,NA,NA,NA,I,2012,m,beige,2012-06-10
82671,51-60,w,7,74,Continental Bulldog,NA,NA,NA,I,2012,w,gestromt,2012-01-10
82688,61-70,w,8,82,Labrador Retriever,NA,Deutscher Schäfer,NA,I,2012,w,schwarz,2012-10-10
82739,51-60,w,7,74,Cavalier King Charles Spaniel,NA,NA,NA,K,2012,m,black/tan,2012-11-10
82795,41-50,w,11,119,Deutsche Dogge,NA,NA,NA,I,2012,m,gelb,2012-01-10
82842,51-60,w,7,71,Dackel,NA,NA,NA,K,2012,m,braun,2012-11-10
83237,51-60,w,9,92,Afghane,NA,NA,NA,I,2012,m,red-brindle,2012-09-10
83237,51-60,w,9,92,Chinese Crested,NA,NA,NA,K,2012,m,apricot,2012-02-10
83248,41-50,w,3,33,Jack Russel Terrier,Mischling,NA,NA,K,2012,w,tricolor,2012-07-10
83256,41-50,w,10,101,Labrador Retriever,NA,NA,NA,I,2012,w,schwarz,2012-01-10
83369,51-60,w,8,82,Terrier,NA,NA,NA,K,2012,w,schwarz,2012-10-10
83380,51-60,m,9,92,Flat Coated Retriever,NA,NA,NA,I,2012,m,braun,2012-03-10
83380,51-60,m,9,92,Golden Retriever,NA,NA,NA,I,2012,m,golden,2012-09-10
83384,81-90,w,3,31,Continental Bulldog,NA,NA,NA,I,2012,w,braun/weiss/schwarz,2012-02-10
83620,51-60,m,7,73,Mischling klein,NA,NA,NA,K,2012,m,weiss/braun,2012-08-10
83680,41-50,w,9,92,Chihuahua,NA,NA,NA,K,2012,m,black/tan,2012-11-10
83693,51-60,w,2,21,Australian Shepherd,Mischling,NA,NA,I,2012,m,weiss/beige,2012-09-10
83727,71-80,w,4,42,Cocker Spaniel,NA,NA,NA,K,2012,m,blauschimmel,2012-07-10
83856,61-70,w,10,101,Tibet Terrier,NA,NA,NA,K,2012,m,zobel,2012-05-10
83925,41-50,w,9,91,Belgischer Schäfer,NA,Tervueren,NA,I,2012,w,grau/schwarz,2012-02-10
84052,71-80,m,3,31,Mischling klein,NA,NA,NA,K,2012,w,schwarz/weiss,2012-09-10
84079,41-50,w,3,31,Powder Puff,NA,NA,NA,K,2012,m,weizen,2012-06-10
84210,61-70,w,11,111,Mischling gross,NA,NA,NA,I,2012,w,golden,2012-01-10
84357,61-70,w,11,111,Havaneser,NA,Jack Russel Terrier,NA,K,2012,w,braun/weiss,2012-02-10
84428,51-60,w,10,101,Appenzeller,Mischling,NA,NA,I,2012,w,rot/weiss,2012-02-10
84428,51-60,w,10,101,Deutscher Schäfer,NA,NA,NA,I,2012,w,schwarz/braun,2012-12-10
84555,51-60,m,6,61,Terrier,Mischling,NA,NA,K,2012,m,braun,2012-05-10
84643,61-70,m,7,71,Cocker Spaniel,NA,NA,NA,K,2012,m,tricolor,2012-06-10
84712,51-60,w,10,101,Labrador Retriever,NA,Pyrenäen,NA,I,2012,m,schwarz/braun,2012-03-10
84767,81-90,w,10,101,Mischling klein,NA,NA,NA,K,2012,m,grau,2012-01-10
84826,41-50,w,7,71,Cavalier King Charles Spaniel,NA,NA,NA,K,2012,w,ruby,2012-02-10
84829,51-60,w,3,31,Labrador Retriever,NA,NA,NA,I,2012,w,schwarz,2012-12-10
84886,71-80,w,10,101,Rauhaar Dackel,NA,NA,NA,K,2012,m,saufarben,2012-09-10
84917,51-60,w,2,21,Airedale Terrier,NA,NA,NA,I,2012,w,black/tan,2012-05-10
84966,61-70,w,10,101,Mischling gross,NA,NA,NA,I,2012,w,black/tan,2012-12-10
84987,71-80,m,10,101,Irish Setter,NA,NA,NA,I,2012,m,mahagoni,2012-07-10
85010,41-50,w,10,101,Chihuahua,NA,NA,NA,K,2012,w,wildfarbig,2012-10-10
85179,51-60,w,12,121,Mops,NA,NA,NA,K,2012,w,beige,2012-05-10
85394,51-60,w,2,21,Chihuahua,NA,NA,NA,K,2012,w,weiss/braun,2012-12-10
85539,51-60,w,7,74,Zwergpudel,NA,NA,NA,K,2012,w,apricot,2012-01-10
85709,61-70,w,2,23,Foxterrier,NA,NA,NA,K,2012,w,tricolor,2012-08-10
85717,81-90,w,7,72,Podenco,NA,NA,NA,I,2012,w,hellbraun/weiss,2012-09-10
85893,71-80,m,3,31,Border Terrier,NA,NA,NA,K,2012,w,red grizzle,2012-03-10
86072,61-70,w,11,111,West Highland White Terrier,NA,NA,NA,K,2012,w,weiss,2012-08-10
86369,31-40,w,7,73,Labrador Retriever,Mischling,NA,NA,I,2012,w,schwarz/braun,2012-02-10
86399,61-70,w,11,115,English Cocker Spaniel,NA,NA,NA,K,2012,m,braun schimmel,2012-10-10
86433,51-60,m,10,102,Pointer,NA,NA,NA,I,2012,w,schwarz/weiss,2012-09-10
86482,41-50,w,3,33,Sibirischer Husky,NA,NA,NA,I,2012,w,grau,2012-01-10
86499,51-60,w,4,42,Mischling klein,NA,NA,NA,K,2012,m,schwarz/weiss,2012-06-10
86752,41-50,w,10,101,English Setter,NA,NA,NA,I,2012,m,weiss/orange,2012-03-10
86790,61-70,w,4,44,Malteser,NA,Yorkshire Terrier,NA,K,2012,m,beige,2012-11-10
86811,61-70,w,12,123,Mischling klein,NA,NA,NA,K,2012,m,schwarz/weiss,2012-01-10
86822,41-50,w,2,21,Yorkshire Terrier,NA,NA,NA,K,2012,w,blue/tan,2012-10-10
86873,51-60,w,11,111,Cocker Spaniel,NA,NA,NA,K,2012,m,schwarz,2012-06-10
86967,51-60,m,9,92,Dalmatiner,Mischling,NA,NA,I,2012,w,weiss/braun,2012-01-10
87159,51-60,w,8,82,Zwergrauhaardackel,NA,NA,NA,K,2012,m,saufarben,2012-11-10
87201,51-60,w,10,102,Jack Russel Terrier,NA,NA,NA,K,2012,m,tricolor,2012-07-10
87249,41-50,w,12,121,Labrador Retriever,NA,NA,NA,I,2012,m,schwarz,2012-11-10
87381,41-50,m,10,102,Bichon Havanais,NA,NA,NA,K,2012,m,creme,2012-07-10
87431,31-40,w,9,91,American Bulldog,NA,NA,NA,I,2012,m,schwarz/weiss,2012-01-10
87502,51-60,w,2,21,Labrador Retriever,NA,Golden Retriever,NA,I,2012,w,schwarz,2012-11-10
87504,51-60,w,7,72,Mittelschnauzer,NA,NA,NA,I,2012,m,schwarz,2012-09-10
87551,41-50,w,1,11,Pointer,Mischling,NA,NA,I,2012,w,schwarz,2012-02-10
87565,41-50,w,3,33,Mischling gross,NA,NA,NA,I,2012,w,braun/weiss,2012-07-10
87631,51-60,w,9,92,Berger blanc Suisse,NA,NA,NA,I,2012,w,weiss,2012-04-10
87639,41-50,w,9,92,Italienisches Windspiel,NA,NA,NA,K,2012,w,rot/braun,2012-11-10
87723,41-50,m,12,121,Deutsche Dogge,NA,NA,NA,I,2012,m,gelb,2012-07-10
87731,51-60,w,7,72,Labrador Retriever,NA,NA,NA,I,2012,m,braun,2012-01-10
87738,41-50,w,10,101,Chihuahua,NA,NA,NA,K,2012,m,blue/tan,2012-01-10
87913,41-50,w,12,121,Mittelpudel,NA,NA,NA,K,2012,w,schwarz,2012-07-10
87985,51-60,m,7,71,Galgo,NA,NA,NA,I,2012,w,braun gestromt,2012-03-10
88053,51-60,w,2,23,Sennenhund,Mischling,NA,NA,I,2012,m,tricolor,2012-02-10
88168,71-80,m,7,74,Deutscher Schäfer,NA,NA,NA,I,2012,w,schwarz/braun,2012-05-10
88209,41-50,m,10,101,Labrador Retriever,Mischling,NA,NA,I,2012,m,schwarz,2012-06-10
88250,31-40,w,7,74,Sibirischer Husky,NA,NA,NA,I,2012,w,schwarz/weiss,2012-03-10
88381,51-60,w,7,74,Zwergpinscher,NA,Rehpinscher,NA,K,2012,w,braun,2012-05-10
88415,51-60,w,6,61,Nova Scotia Duck Tolling Retriever,NA,NA,NA,I,2012,m,rot/weiss,2012-06-10
88475,51-60,w,11,119,Rehpinscher,Mischling,NA,NA,K,2012,w,schwarz/braun/weiss,2012-06-10
88512,41-50,w,12,122,Mischling klein,NA,NA,NA,K,2012,w,schwarz/weiss,2012-05-10
88617,41-50,w,12,121,Spitz,NA,NA,NA,K,2012,w,schwarz,2012-02-10
88650,51-60,w,11,115,Lhasa Apso,NA,NA,NA,K,2012,m,schwarz/braun/weiss,2012-09-10
88670,51-60,w,4,44,Havaneser,NA,NA,NA,K,2012,m,tricolor,2012-08-10
88850,51-60,w,9,92,Yorkshire Terrier,NA,NA,NA,K,2012,w,blue/tan,2012-01-10
88888,51-60,m,2,24,Langhaardackel,NA,NA,NA,K,2012,m,braun,2012-04-10
89063,51-60,m,3,34,Zwergpinscher,NA,Rehpinscher,NA,K,2012,m,schwarz/weiss,2012-08-10
89115,51-60,w,9,92,Podenco,NA,NA,NA,I,2012,m,rot,2012-06-10
89127,51-60,w,11,115,Miniature Australien Shepard,NA,NA,NA,K,2012,m,tricolor,2012-08-10
89194,41-50,w,11,119,Dogo Canario,NA,NA,NA,I,2012,m,braun,2012-05-10
89227,71-80,m,9,92,Chihuahua,NA,NA,NA,K,2012,w,beige/schwarz,2012-01-10
89250,31-40,w,3,31,Chihuahua,Mischling,NA,NA,K,2012,m,braun/weiss,2012-06-10
89280,71-80,w,7,74,Lhasa Apso,NA,NA,NA,K,2012,m,zobel,2012-05-10
89353,61-70,w,7,71,Tibetan Spaniel,NA,NA,NA,K,2012,m,braun/weiss,2012-09-10
89412,61-70,w,4,42,Malteser,NA,NA,NA,K,2012,w,weiss,2012-01-10
89712,51-60,w,7,74,Manchester Terrier,NA,NA,NA,K,2012,m,schwarz/braun,2012-01-10
89729,51-60,m,10,102,Appenzeller,Mischling,NA,NA,I,2012,w,tricolor,2012-11-10
90360,31-40,w,3,33,Yorkshire Terrier,Mischling,NA,NA,K,2012,w,schwarz Marken,2012-02-10
90714,51-60,w,2,21,Zwergpinscher,NA,NA,NA,K,2012,w,schwarz/braun,2012-07-10
90951,41-50,m,11,119,Labrador Retriever,NA,NA,NA,I,2012,m,beige,2012-01-10
91693,51-60,w,11,119,Yorkshire Terrier,NA,NA,NA,K,2012,m,schwarz/braun,2012-10-10
92160,41-50,w,11,111,Galgo Español,NA,NA,NA,I,2012,w,braun gestromt,2012-08-10
93016,41-50,w,11,115,Griffon,Mischling,NA,NA,I,2012,m,beige/braun,2012-09-10
93233,51-60,w,10,102,Bardino,NA,Malinois,NA,I,2012,m,tricolor,2012-06-10
93239,51-60,m,9,92,Labrador Retriever,Mischling,NA,NA,I,2012,m,schwarz,2012-08-10
93909,41-50,m,7,73,Französische Bulldogge,NA,NA,NA,K,2012,m,braun gestromt,2012-11-10
94702,41-50,w,8,81,Französische Bulldogge,NA,NA,NA,K,2012,m,fauve,2012-01-10
95418,71-80,w,2,21,Pinscher,Mischling,NA,NA,K,2012,w,beige,2012-09-10
96855,61-70,m,6,61,Mischling klein,NA,NA,NA,K,2012,m,braun/weiss,2012-03-10
96939,51-60,m,8,83,Galgo Español,NA,NA,NA,I,2012,w,weiss,2012-09-10
97031,31-40,w,4,44,Tibet Terrier,NA,NA,NA,K,2012,m,schwarz/weiss,2012-06-10
97598,31-40,m,10,102,Schäfer,Mischling,NA,NA,I,2012,w,braun/schwarz,2012-07-10
97767,51-60,m,4,44,Pinscher,NA,NA,NA,K,2012,m,schwarz/beige/grau,2012-08-10
97768,41-50,m,4,44,Mischling klein,NA,NA,NA,K,2012,m,hellbraun,2012-03-10
98235,51-60,w,10,102,Riesenschnauzer,NA,NA,NA,I,2012,m,schwarz,2012-04-10
98254,51-60,w,7,73,Chihuahua,NA,NA,NA,K,2012,w,black/tan,2012-03-10
98337,41-50,m,6,61,Mischling gross,NA,NA,NA,I,2012,m,weiss/braun,2012-06-10
98384,21-30,w,11,111,Yorkshire Terrier,NA,NA,NA,K,2012,w,black/tan,2012-01-10
98384,21-30,w,11,111,Yorkshire Terrier,NA,NA,NA,K,2012,w,black/tan,2012-01-10
98610,61-70,m,8,82,Irish Water Spaniel,NA,NA,NA,I,2012,m,braun,2012-12-10
98950,31-40,w,10,101,Australian Shepherd,NA,NA,NA,I,2012,m,tricolor,2012-08-10
98961,51-60,w,12,122,Malteser,NA,Schnauzer,NA,I,2012,w,braun/weiss,2012-02-10
99134,61-70,w,11,119,Yorkshire Terrier,NA,NA,NA,K,2012,w,schwarz/braun,2012-12-10
99149,41-50,w,8,83,Magyar Viszla,NA,NA,NA,I,2012,w,gelb,2012-01-10
99699,51-60,w,12,123,Malteser,Mischling,NA,NA,K,2012,w,weiss,2012-01-10
99724,41-50,w,11,119,Shih Tzu,NA,NA,NA,K,2012,w,weiss,2012-04-10
99853,71-80,w,6,61,Terrier,Mischling,NA,NA,K,2012,w,beige/braun,2012-12-10
99858,41-50,w,7,73,Mischling klein,NA,NA,NA,K,2012,w,braun/weiss,2012-05-10
99895,31-40,w,3,34,Englische Bulldogge,NA,NA,NA,I,2012,w,beige/schwarz,2012-10-10
100312,41-50,m,2,21,Husky,NA,Schäfer,NA,I,2012,m,grau/weiss,2012-07-10
100532,21-30,w,2,21,Französische Bulldogge,NA,NA,NA,K,2012,m,braun,2012-12-10
100574,31-40,m,3,34,Sennenhund,Mischling,NA,NA,I,2012,m,tricolor,2012-01-10
100630,41-50,m,4,42,Malteser,NA,NA,NA,K,2012,w,weiss,2012-05-10
101768,61-70,w,11,119,Münsterländer,NA,Kooiker,NA,I,2012,w,weiss/braun/schwarz,2012-01-10
101836,21-30,w,11,119,Dogo Canario,NA,NA,NA,I,2012,m,dunkel gestromt,2012-09-10
102866,41-50,m,6,61,Shar Pei,NA,Eurasier,NA,I,2012,w,schwarz,2012-02-10
103094,51-60,w,8,82,Bolonka Zwetna,NA,NA,NA,K,2012,w,schwarz,2012-08-10
103207,81-90,m,7,73,Labrador Retriever,NA,NA,NA,I,2012,w,schwarz,2012-11-10
104305,31-40,w,7,72,Zwergdackel,NA,NA,NA,K,2012,m,schwarz/rot,2012-09-10
104895,51-60,m,11,111,Jack Russel Terrier,NA,NA,NA,K,2012,w,weiss,2012-08-10
104911,71-80,w,9,92,Pekingese,Mischling,NA,NA,K,2012,m,beige,2012-07-10
105585,41-50,w,9,92,Papillon,NA,NA,NA,K,2012,w,tricolor,2012-11-10
106835,31-40,m,10,102,Deutscher Jagdterrier,NA,NA,NA,K,2012,m,rot/schwarz,2012-08-10
107540,21-30,m,9,92,Schweizer Sennenhund,NA,Schäfer,NA,I,2012,m,schwarz,2012-12-10
108174,41-50,w,2,24,Königspudel,NA,NA,NA,I,2012,m,schwarz,2012-05-10
109471,61-70,w,8,81,Shih Tzu,NA,NA,NA,K,2012,w,grau meliert,2012-06-10
109644,31-40,w,11,119,Mops,NA,NA,NA,K,2012,m,schwarz,2012-02-10
109707,51-60,m,11,119,Deutscher Schäfer,NA,NA,NA,I,2012,m,schwarz/braun,2012-04-10
109788,41-50,w,11,115,Podenco,Mischling,NA,NA,I,2012,m,schwarz/weiss,2012-10-10
110104,61-70,m,9,91,English Cocker Spaniel,NA,NA,NA,K,2012,w,blauschimmel,2012-04-10
110290,51-60,w,11,115,Shiba Inu,NA,NA,NA,K,2012,w,rot,2012-06-10
110493,31-40,w,8,81,Griffon,NA,NA,NA,I,2012,w,schwarz,2012-06-10
110494,31-40,m,6,61,Berger blanc Suisse,NA,NA,NA,I,2012,w,weiss,2012-04-10
110580,21-30,m,12,122,Französische Bulldogge,NA,NA,NA,K,2012,w,schwarz/weiss,2012-03-10
110654,31-40,m,11,115,Deutscher Schäfer,NA,NA,NA,I,2012,m,schwarz/braun,2012-01-10
110738,41-50,w,12,122,Chihuahua,NA,NA,NA,K,2012,m,beige/schwarz,2012-10-10
110891,41-50,w,6,63,Berner Sennenhund,NA,NA,NA,I,2012,m,schwarz/braun/weiss,2012-04-10
110901,61-70,m,4,42,Labrador Retriever,NA,NA,NA,I,2012,m,braun,2012-10-10
110944,51-60,w,7,74,Mops,NA,NA,NA,K,2012,w,beige,2012-11-10
110957,31-40,w,3,34,Englische Bulldogge,NA,NA,NA,I,2012,m,braun/schwarz/weiss,2012-08-10
110966,31-40,w,12,122,Malteser,NA,NA,NA,K,2012,m,weiss,2012-03-10
110967,31-40,w,3,31,Havaneser,NA,NA,NA,K,2012,w,creme,2012-09-10
110969,41-50,w,7,72,Lagotto Romagnolo,NA,NA,NA,I,2012,w,braun,2012-02-10
111036,51-60,w,8,83,Lagotto Romagnolo,NA,NA,NA,I,2012,m,braun,2012-06-10
111046,21-30,w,11,111,Zwergspitz,NA,NA,NA,K,2012,w,schwarz,2012-08-10
111057,61-70,w,7,74,Shetland Sheepdog,NA,NA,NA,K,2012,w,gold/sable,2012-03-10
111062,31-40,m,11,115,Perro de Agua,NA,NA,NA,I,2012,m,schwarz,2012-02-10
111082,61-70,w,9,91,Shetland Sheepdog,NA,NA,NA,K,2012,m,blue/merle,2012-07-10
111084,41-50,w,11,111,Jack Russel Terrier,NA,NA,NA,K,2012,w,tricolor,2012-01-10
111084,41-50,w,11,111,Terrier,Mischling,NA,NA,K,2012,w,braun,2012-01-10
111090,51-60,w,7,74,Bolonka Zwetna,NA,NA,NA,K,2012,w,braun/beige,2012-05-10
111092,51-60,w,6,61,Beagle,NA,NA,NA,K,2012,m,tricolor,2012-06-10
111165,31-40,w,1,14,Rauhaar Dackel,NA,NA,NA,K,2012,w,beige/schwarz,2012-11-10
111185,61-70,w,7,73,Boston Terrier,NA,NA,NA,K,2012,m,schwarz/braun gestromt,2012-12-10
111196,41-50,w,2,21,Shetland Sheepdog,NA,NA,NA,K,2012,w,tricolor,2012-07-10
111235,51-60,m,5,51,Französische Bulldogge,NA,NA,NA,K,2012,w,gestromt,2012-01-10
111351,41-50,w,2,21,Australian Shepherd,NA,Golden Retriever,NA,I,2012,w,schwarz/weiss/braun,2012-06-10
111363,21-30,w,11,111,Chihuahua,NA,NA,NA,K,2012,w,weiss,2012-04-10
111376,61-70,w,7,73,Havaneser,NA,NA,NA,K,2012,m,braun/weiss,2012-10-10
111389,31-40,m,1,11,Rhodesian Ridgeback,NA,NA,NA,I,2012,m,weizen,2012-08-10
111394,31-40,w,11,111,Dalmatiner,NA,NA,NA,I,2012,w,weiss/schwarz,2012-02-10
111404,41-50,w,11,115,Französische Bulldogge,NA,NA,NA,K,2012,w,schwarz/weiss,2012-05-10
111438,51-60,w,11,119,Lagotto Romagnolo,NA,NA,NA,I,2012,m,bianco-aranico,2012-04-10
111442,81-90,m,4,44,Parson Jack Russell Terrier,NA,NA,NA,K,2012,m,weiss/schwarz,2012-10-10
111444,21-30,w,2,21,Französische Bulldogge,NA,NA,NA,K,2012,m,dunkel gestromt,2012-11-10
111481,51-60,w,3,34,Chihuahua,NA,NA,NA,K,2012,w,hellfarben,2012-08-10
111487,71-80,w,2,21,Zwergpudel,NA,NA,NA,K,2012,w,black/tan,2012-02-10
111636,21-30,w,2,23,Französische Bulldogge,NA,NA,NA,K,2012,w,braun,2012-06-10
111657,41-50,w,6,63,Irish Wolfhound,NA,NA,NA,I,2012,w,sandfarbig,2012-11-10
111670,71-80,m,9,91,Scottish Terrier,NA,NA,NA,K,2012,m,schwarz,2012-08-10
111697,41-50,w,8,81,Labradoodle,NA,NA,NA,I,2012,w,apricot,2012-03-10
111709,41-50,m,7,72,Old Englische Bulldogge,NA,NA,NA,I,2012,w,weiss gestromt,2012-09-10
111819,41-50,w,6,63,Border Terrier,NA,NA,NA,K,2012,w,red grizzle,2012-07-10
111827,41-50,m,12,121,Chihuahua,NA,NA,NA,K,2012,w,grau,2012-01-10
111832,21-30,m,11,111,Chihuahua,NA,NA,NA,K,2012,m,weiss/schwarz,2012-01-10
111841,51-60,w,6,61,Parson Russell Terrier,NA,NA,NA,K,2012,w,weiss/rot,2012-06-10
111861,31-40,w,9,91,Jack Russel Terrier,NA,NA,NA,K,2012,w,weiss/braun,2012-11-10
111911,51-60,m,2,21,Yorkshire Terrier,NA,NA,NA,K,2012,w,blue/tan,2012-03-10
111949,21-30,w,5,52,Prager Rattler,NA,NA,NA,K,2012,m,schwarz/braun,2012-02-10
111950,41-50,w,12,123,Mischling gross,NA,NA,NA,I,2012,w,braun gestromt,2012-12-10
111952,51-60,w,7,71,Cocker Spaniel,NA,NA,NA,K,2012,m,rot,2012-07-10
111953,21-30,w,3,31,Chihuahua,NA,NA,NA,K,2012,m,braun,2012-01-10
112050,61-70,m,11,111,Bolonka Zwetna,NA,NA,NA,K,2012,m,grau/braun/schwarz,2012-09-10
112053,71-80,w,9,92,Mischling gross,Mischling,NA,NA,I,2012,w,tricolor,2012-02-10
112149,21-30,w,11,119,Französische Bulldogge,NA,NA,NA,K,2012,m,blue,2012-06-10
112176,41-50,m,11,119,Cocker Spaniel,NA,NA,NA,K,2012,m,rot,2012-11-10
112183,31-40,m,2,21,Golden Retriever,NA,NA,NA,I,2012,w,golden,2012-03-10
112191,41-50,w,11,115,Malteser,NA,NA,NA,K,2012,m,weiss,2012-12-10
112197,41-50,w,10,101,Rhodesian Ridgeback,NA,NA,NA,I,2012,w,weizen,2012-07-10
112220,61-70,w,2,24,Französische Bulldogge,NA,NA,NA,K,2012,w,gestromt,2012-01-10
112261,41-50,w,11,119,Whippet,NA,NA,NA,I,2012,w,weiss/braun,2012-10-10
112263,31-40,w,3,31,Boxer,Mischling,NA,NA,I,2012,w,gestromt,2012-11-10
112263,31-40,w,3,31,Boxer,Mischling,NA,NA,I,2012,w,gestromt,2012-08-10
112277,31-40,m,5,51,Deutscher Boxer,NA,NA,NA,I,2012,m,dunkel gestromt,2012-02-10
112291,61-70,w,12,122,Chodsky pes,NA,NA,NA,I,2012,m,schwarz/braun,2012-12-10
112372,21-30,w,4,44,Malteser,NA,Yorkshire Terrier,NA,K,2012,m,schwarz/weiss,2012-01-10
112375,51-60,w,4,42,Chihuahua,NA,NA,NA,K,2012,m,weiss/schwarz,2012-05-10
112384,41-50,w,12,123,Bolonka Zwetna,NA,NA,NA,K,2012,m,schwarz/weiss,2012-04-10
112386,41-50,w,10,101,Chihuahua,NA,NA,NA,K,2012,w,schwarz,2012-10-10
112424,21-30,w,2,24,Französische Bulldogge,NA,NA,NA,K,2012,w,fauve,2012-08-10
112433,21-30,m,11,115,Eurasier,NA,NA,NA,I,2012,m,wildfarbig,2012-03-10
112444,31-40,w,7,72,Beagle,NA,NA,NA,K,2012,m,tricolor,2012-09-10
112505,31-40,w,7,72,Border Collie,NA,Appenzeller,NA,I,2012,m,schwarz/braun/weiss,2012-07-10
112536,51-60,w,10,101,Bichon,NA,NA,NA,K,2012,w,weiss,2012-05-10
112583,61-70,w,9,91,Französische Bulldogge,NA,NA,NA,K,2012,w,schwarz/weiss,2012-04-10
112588,31-40,w,10,101,Mischling klein,NA,NA,NA,K,2012,m,hellbraun,2012-10-10
112608,51-60,m,8,83,Berner Sennenhund,NA,NA,NA,I,2012,m,braun/schwarz/weiss,2012-11-10
112706,31-40,w,9,92,Zwergpudel,NA,NA,NA,K,2012,m,schwarz,2012-09-10
112742,61-70,w,2,21,Pudel,NA,NA,NA,K,2012,w,braun,2012-02-10
112783,41-50,m,11,111,Mops,NA,NA,NA,K,2012,w,schwarz,2012-12-10
112785,41-50,w,10,101,Pekingese,Mischling,NA,NA,K,2012,m,schwarz/weiss,2012-07-10
112846,81-90,m,6,63,Toypudel,NA,NA,NA,K,2012,w,schwarz,2012-01-10
112887,31-40,w,8,82,Zwergspitz,NA,NA,NA,K,2012,m,orange,2012-01-10
112907,41-50,w,7,72,Bolonka Zwetna,NA,NA,NA,K,2012,w,schwarz,2012-08-10
112951,51-60,w,7,72,Zwergschnauzer,NA,NA,NA,K,2012,w,schwarz,2012-02-10
112997,21-30,w,4,44,Bergamasker,NA,Appenzeller,NA,I,2012,m,braun/weiss,2012-01-10
113017,51-60,w,7,73,Mops,NA,NA,NA,K,2012,w,brindle,2012-06-10
113035,71-80,w,8,82,Yorkshire Terrier,NA,NA,NA,K,2012,w,tricolor,2012-11-10
113180,41-50,w,7,73,Rhodesian Ridgeback,NA,NA,NA,I,2012,w,weizen,2012-01-10
113232,51-60,w,3,31,Malteser,NA,NA,NA,K,2012,w,weiss,2012-05-10
113243,21-30,w,11,111,Mops,NA,NA,NA,K,2012,m,beige,2012-06-10
113244,41-50,m,11,115,West Highland White Terrier,NA,NA,NA,K,2012,w,weiss,2012-10-10
113306,41-50,w,7,74,Labrador Retriever,NA,NA,NA,I,2012,m,gelb,2012-11-10
113318,41-50,w,9,92,Labrador Retriever,NA,NA,NA,I,2012,m,schwarz,2012-03-10
113378,41-50,w,11,119,Malteser,NA,NA,NA,K,2012,m,weiss,2012-12-10
113418,51-60,m,2,24,Dackel,NA,NA,NA,K,2012,w,braun,2012-05-10
113422,41-50,w,12,122,Yorkshire Terrier,NA,NA,NA,K,2012,w,black/tan,2012-06-10
113437,61-70,m,2,21,Bichon maltais,NA,NA,NA,K,2012,m,weiss,2012-10-10
113526,51-60,w,10,101,Mischling gross,NA,NA,NA,I,2012,w,schwarz,2012-09-10
113554,61-70,w,11,115,Pudel,NA,NA,NA,K,2012,w,black/tan,2012-02-10
113559,41-50,w,7,74,Deutscher Schäfer,Mischling,NA,NA,I,2012,w,schwarz/gelb,2012-12-10
113703,21-30,w,11,115,Boxer,NA,NA,NA,I,2012,m,gestromt,2012-06-10
113709,31-40,m,8,83,English Cocker Spaniel,NA,NA,NA,K,2012,m,schwarz,2012-04-10
113768,21-30,w,11,119,Mops,NA,NA,NA,K,2012,m,beige,2012-08-10
113770,21-30,w,11,115,Yorkshire Terrier,NA,NA,NA,K,2012,w,blue/tan,2012-03-10
113785,31-40,m,11,119,Zwergschnauzer,NA,NA,NA,K,2012,w,pfeffer/salz,2012-09-10
113787,41-50,w,2,24,Chihuahua,NA,NA,NA,K,2012,m,braun,2012-02-10
113850,51-60,w,5,52,Mischling gross,NA,NA,NA,I,2012,m,schwarz/weiss,2012-12-10
113861,21-30,m,11,115,Englische Bulldogge,NA,NA,NA,I,2012,w,hellbraun/weiss,2012-07-10
113864,21-30,w,7,71,Französische Bulldogge,NA,Malteser,NA,K,2012,m,weiss/schwarz,2012-01-10
113865,71-80,m,8,83,Weimaraner,NA,NA,NA,I,2012,m,silbergrau,2012-05-10
113906,61-70,w,3,34,Mischling klein,NA,NA,NA,K,2012,m,weiss/schwarz,2012-04-10
113919,41-50,w,7,72,Labrador Retriever,NA,NA,NA,I,2012,w,silber,2012-11-10
113927,31-40,w,3,31,Mittelpudel,NA,NA,NA,K,2012,m,schwarz,2012-08-10
113934,41-50,m,7,71,Prager Rattler,NA,NA,NA,K,2012,m,black/tan,2012-03-10
113953,41-50,m,11,111,Dobermann,NA,NA,NA,I,2012,w,schwarz/braun,2012-09-10
113954,41-50,w,4,44,Pudel,NA,NA,NA,K,2012,w,schwarz,2012-02-10
113977,31-40,m,4,44,Französische Bulldogge,NA,NA,NA,K,2012,m,grau/weiss,2012-12-10
113997,41-50,m,11,111,Border Collie,NA,Berner Sennenhund,NA,I,2012,w,grau/weiss,2012-07-10
114004,51-60,w,11,111,Border Collie,NA,Golden Retriever,NA,I,2012,w,schwarz,2012-01-10
114011,41-50,w,6,61,Pinscher,Mischling,NA,NA,K,2012,w,blondfarben,2012-05-10
114038,51-60,m,12,121,Mischling klein,NA,NA,NA,K,2012,w,creme,2012-04-10
114082,41-50,w,11,119,Havaneser,NA,Malteser,NA,K,2012,m,weiss,2012-11-10
114083,31-40,w,9,92,Malteser,NA,NA,NA,K,2012,w,weiss,2012-08-10
114107,21-30,m,11,119,Mischling gross,NA,NA,NA,I,2012,m,tricolor,2012-09-10
114108,31-40,m,4,44,Chihuahua,NA,NA,NA,K,2012,w,braun,2012-02-10
114113,21-30,m,4,42,Französische Bulldogge,NA,NA,NA,K,2012,m,schwarz gestromt,2012-07-10
114120,61-70,w,11,111,Yorkshire Terrier,NA,Coton de Tulear,NA,K,2012,m,weiss/beige,2012-05-10
114127,21-30,w,2,21,Mischling klein,NA,NA,NA,K,2012,w,schwarz/beige,2012-10-10
114253,41-50,w,11,115,Deutscher Schäfer,NA,NA,NA,I,2012,w,schwarz/gelb,2012-06-10
114288,31-40,w,11,111,Rottweiler,NA,NA,NA,I,2012,w,schwarz/braun,2012-04-10
114294,21-30,w,11,115,Shih Tzu,NA,Chihuahua,NA,K,2012,w,schwarz/weiss,2012-11-10
114307,51-60,w,7,72,Neufundländer,NA,NA,NA,I,2012,m,braun,2012-08-10
114367,61-70,w,3,34,Harzer Fuchs,NA,Entlebucher,NA,I,2012,w,beige/weiss,2012-12-10
114369,21-30,w,11,111,Chihuahua,NA,Jack Russel Terrier,NA,K,2012,w,braun,2012-07-10
114392,41-50,w,7,74,Flat Coated Retriever,NA,NA,NA,I,2012,m,braun,2012-01-10
114495,21-30,w,12,123,Französische Bulldogge,NA,NA,NA,K,2012,m,gestromt,2012-10-10
114499,31-40,m,2,23,Schäfer,NA,NA,NA,I,2012,w,weiss,2012-08-10
114506,41-50,m,11,111,Yorkshire Terrier,NA,NA,NA,K,2012,w,schwarz/braun,2012-09-10
114522,31-40,w,10,102,Mops,NA,NA,NA,K,2012,m,schwarz,2012-07-10
114538,51-60,w,8,83,Golden Retriever,NA,NA,NA,I,2012,m,creme,2012-05-10
114540,31-40,w,11,119,Berner Sennenhund,NA,NA,NA,I,2012,w,schwarz/weiss,2012-06-10
114541,31-40,m,11,115,Golden Retriever,NA,NA,NA,I,2012,m,beige,2012-04-10
114549,71-80,m,6,63,Eurasier,NA,NA,NA,I,2012,w,rot,2012-10-10
114625,31-40,w,11,119,Mischling klein,NA,NA,NA,K,2012,m,braun/weiss/schwarz,2012-12-10
114650,41-50,w,2,21,Jack Russel Terrier,NA,Pudel,NA,K,2012,w,creme,2012-01-10
114919,31-40,m,12,122,Labrador Retriever,NA,NA,NA,I,2012,m,schwarz,2012-11-10
114925,31-40,w,3,31,Jack Russel Terrier,NA,NA,NA,K,2012,w,tricolor,2012-08-10
114926,61-70,m,3,34,Yorkshire Terrier,NA,NA,NA,K,2012,m,schwarz/braun/beige,2012-03-10
115039,41-50,m,7,74,Labrador Retriever,NA,NA,NA,I,2012,m,gelb,2012-07-10
115065,41-50,w,8,83,Havaneser,NA,NA,NA,K,2012,m,beige,2012-01-10
115066,31-40,w,8,83,Parson Russell Terrier,NA,NA,NA,K,2012,m,tricolor,2012-05-10
115067,31-40,m,11,111,Chihuahua,NA,NA,NA,K,2012,w,beige,2012-06-10
115124,41-50,m,11,111,Prager Rattler,NA,NA,NA,K,2012,w,schwarz,2012-08-10
115128,41-50,m,3,34,Schweizer Sennenhund,NA,NA,NA,I,2012,w,tricolor,2012-02-10
115145,61-70,w,6,63,Cairn Terrier,NA,NA,NA,K,2012,m,weizen,2012-01-10
115155,51-60,w,11,115,Zwergspitz,NA,NA,NA,K,2012,m,schwarz/braun,2012-04-10
115159,31-40,m,3,31,Mops,NA,NA,NA,K,2012,w,beige,2012-11-10
115179,41-50,m,12,122,Chihuahua,NA,NA,NA,K,2012,m,rot/braun,2012-08-10
115186,21-30,w,11,111,Rottweiler,NA,NA,NA,I,2012,m,schwarz/braun,2012-02-10
115222,41-50,w,2,24,Chihuahua,NA,NA,NA,K,2012,w,beige,2012-01-10
115343,31-40,w,8,81,Dachshund,NA,NA,NA,K,2012,m,black/tan,2012-06-10
115343,31-40,w,8,81,Dachshund,NA,NA,NA,K,2012,w,black/tan,2012-04-10
115387,51-60,w,9,91,Jack Russel Terrier,NA,NA,NA,K,2012,w,weiss/braun,2012-10-10
115395,31-40,m,10,101,Rottweiler,NA,NA,NA,I,2012,m,black/tan,2012-09-10
115411,51-60,w,9,91,Chihuahua,NA,NA,NA,K,2012,w,weiss,2012-01-10
115420,41-50,w,12,123,Chihuahua,NA,NA,NA,K,2012,m,braun,2012-01-10
115445,61-70,w,3,31,Französische Bulldogge,NA,NA,NA,K,2012,w,weiss/blau,2012-10-10
115455,21-30,w,2,24,Beagle,NA,NA,NA,K,2012,m,tricolor,2012-08-10
115456,51-60,w,3,31,Bichon Havanais,NA,NA,NA,K,2012,m,braun/schwarz,2012-03-10
115516,61-70,m,4,42,Chihuahua,NA,NA,NA,K,2012,w,beige,2012-02-10
115516,61-70,m,4,42,Chihuahua,NA,NA,NA,K,2012,m,schwarz/braun,2012-12-10
115540,71-80,m,11,119,Mischling klein,NA,NA,NA,K,2012,m,schwarz/beige,2012-07-10
115541,71-80,w,3,31,Chihuahua,NA,NA,NA,K,2012,m,hellbraun,2012-01-10
115662,81-90,m,11,111,Yorkshire Terrier,NA,NA,NA,K,2012,w,blue/tan,2012-06-10
115663,51-60,w,5,51,Miniature Bull Terrier,NA,NA,NA,K,2012,w,weiss,2012-04-10
115664,41-50,m,4,44,Pinscher,Mischling,NA,NA,K,2012,w,braun/schwarz,2012-10-10
115669,21-30,w,4,44,Französische Bulldogge,NA,NA,NA,K,2012,m,dunkel gestromt,2012-03-10
115685,41-50,w,9,92,Mischling klein,NA,NA,NA,K,2012,w,grau/weiss,2012-02-10
115702,31-40,w,2,21,Mischling klein,NA,NA,NA,K,2012,m,tricolor,2012-07-10
115731,21-30,m,9,92,Malteser,NA,NA,NA,K,2012,m,weiss,2012-10-10
115774,21-30,w,2,23,Chihuahua,NA,NA,NA,K,2012,m,hellbraun,2012-12-10
115777,21-30,w,9,92,Französische Bulldogge,NA,NA,NA,K,2012,m,beige/braun,2012-01-10
115876,21-30,w,11,119,Mischling gross,NA,NA,NA,I,2012,w,braun,2012-06-10
116213,41-50,w,9,91,Curly Coated Retriever,NA,NA,NA,I,2012,w,hellbraun,2012-09-10
116231,51-60,w,5,52,Mischling klein,NA,NA,NA,K,2012,m,schwarz/braun/weiss,2012-07-10
116238,21-30,w,3,34,Pinscher,NA,NA,NA,K,2012,m,braun,2012-01-10
116317,51-60,w,6,61,Mischling klein,NA,NA,NA,K,2012,m,schwarz/weiss,2012-08-10
116437,31-40,w,3,31,Labrador Retriever,Mischling,NA,NA,I,2012,w,tricolor,2012-06-10
116460,51-60,m,8,83,Katalanischer Schäferhund,NA,NA,NA,I,2012,m,schwarz,2012-04-10
116496,41-50,w,7,74,Vorstehhund,NA,NA,NA,I,2012,m,braun,2012-11-10
116538,41-50,m,7,73,Boston Terrier,NA,NA,NA,K,2012,m,schwarz/weiss,2012-03-10
116549,31-40,w,10,102,Mischling klein,NA,NA,NA,K,2012,w,hellbraun,2012-01-10
116556,41-50,w,2,23,Japan Chin,NA,NA,NA,K,2012,m,weiss/schwarz,2012-05-10
116596,31-40,m,3,31,West Highland White Terrier,NA,NA,NA,K,2012,m,weiss,2012-03-10
116633,21-30,w,2,21,Jack Russel Terrier,NA,Windhund,NA,I,2012,w,braun/weiss,2012-01-10
116774,31-40,m,1,13,Mischling klein,NA,NA,NA,K,2012,w,schwarz,2012-11-10
116825,31-40,w,11,115,Yorkshire Terrier,NA,NA,NA,K,2012,w,schwarz/beige,2012-01-10
116832,31-40,w,7,71,Labrador Retriever,NA,NA,NA,I,2012,m,braun,2012-01-10
116833,41-50,w,3,33,Zwergpinscher,NA,Rehpinscher,NA,K,2012,w,schwarz/braun,2012-05-10
116891,51-60,m,9,92,Pekingese,NA,NA,NA,K,2012,w,braun/schwarz,2012-11-10
116902,31-40,w,3,34,Chihuahua,NA,NA,NA,K,2012,m,braun,2012-03-10
116904,41-50,w,2,24,Malteser,NA,Pudel,NA,K,2012,m,weiss,2012-09-10
116950,31-40,w,12,123,Miniature Australien Shepard,NA,NA,NA,K,2012,w,tricolor,2012-07-10
116970,41-50,w,2,21,West Highland White Terrier,NA,NA,NA,K,2012,m,weiss,2012-05-10
116970,41-50,w,2,21,West Highland White Terrier,NA,NA,NA,K,2012,w,weiss,2012-06-10
117026,31-40,w,9,92,Pekingese,NA,NA,NA,K,2012,w,schwarz/weiss,2012-08-10
117333,41-50,m,2,24,Spanischer Wasserhund,NA,NA,NA,I,2012,m,weiss/schwarz,2012-06-10
117374,31-40,w,4,42,Yorkshire Terrier,NA,NA,NA,K,2012,m,schwarz,2012-10-10
117441,31-40,w,9,92,Yorkshire Terrier,NA,NA,NA,K,2012,m,blue/tan,2012-02-10
117456,21-30,w,9,92,Spitz,NA,NA,NA,K,2012,w,weiss,2012-06-10
117497,61-70,w,7,73,Französische Bulldogge,NA,NA,NA,K,2012,w,weiss/gelb,2012-11-10
117557,21-30,w,4,44,Chihuahua,NA,NA,NA,K,2012,w,schwarz,2012-03-10
117596,31-40,m,9,91,Jack Russel Terrier,NA,NA,NA,K,2012,m,weiss/braun,2012-12-10
117601,31-40,w,4,44,Französische Bulldogge,NA,NA,NA,K,2012,m,schwarz/braun,2012-01-10
117618,31-40,m,7,73,Labrador Retriever,NA,NA,NA,I,2012,w,gelb,2012-01-10
117666,31-40,m,6,63,Vizsla,NA,NA,NA,I,2012,w,gelb,2012-10-10
117885,21-30,w,11,115,Schäfer,Mischling,NA,NA,I,2012,w,schwarz/braun,2012-09-10
117969,31-40,m,2,24,Jack Russel Terrier,NA,NA,NA,K,2012,m,tricolor,2012-05-10
118030,31-40,w,3,33,Chihuahua,NA,NA,NA,K,2012,m,hellbraun,2012-08-10
118052,21-30,w,6,61,Boxer,NA,Dalmatiner,NA,I,2012,w,schwarz/weiss,2012-09-10
118105,31-40,w,11,111,Labrador Retriever,NA,NA,NA,I,2012,w,schwarz,2012-01-10
118160,31-40,m,2,21,Yorkshire Terrier,NA,NA,NA,K,2012,w,schwarz/beige,2012-02-10
118204,41-50,w,8,83,Pudel,NA,NA,NA,K,2012,w,schwarz,2012-05-10
118220,41-50,w,5,52,Zwergspitz,NA,Pomeranian,NA,K,2012,m,schwarz,2012-06-10
118223,41-50,w,3,34,Sibirischer Husky,NA,NA,NA,I,2012,w,weiss/grau,2012-10-10
118238,41-50,w,7,71,Havaneser,NA,NA,NA,K,2012,m,weiss/beige,2012-08-10
118246,31-40,w,4,44,Mischling gross,NA,NA,NA,I,2012,w,hellbraun,2012-12-10
118466,21-30,w,11,115,Rottweiler,Mischling,NA,NA,I,2012,w,schwarz/braun,2012-12-10
118657,51-60,m,11,111,Jagdhund,NA,Dogge,NA,I,2012,m,weiss/braun,2012-10-10
118722,71-80,w,8,83,Pudel,NA,NA,NA,K,2012,m,schwarz,2012-11-10
118862,31-40,w,2,24,Pudel,Mischling,NA,NA,K,2012,m,weiss,2012-09-10
118904,31-40,w,11,115,Spanischer Wasserhund,NA,NA,NA,I,2012,w,weiss/braun,2012-07-10
119098,31-40,m,10,101,Mischling gross,NA,NA,NA,I,2012,w,braun,2012-01-10
119115,31-40,w,2,21,Golden Retriever,NA,NA,NA,I,2012,w,golden,2012-06-10
119190,41-50,w,12,123,Malteser,Mischling,NA,NA,K,2012,w,weiss,2012-11-10
119264,21-30,w,5,52,Deutscher Boxer,NA,NA,NA,I,2012,m,gelb,2012-01-10
119268,21-30,w,3,34,Border Collie,Mischling,NA,NA,I,2012,w,schwarz/weiss,2012-05-10
119462,41-50,w,3,31,Mischling klein,NA,NA,NA,K,2012,w,grau,2012-05-10
119851,61-70,w,11,115,Japan Chin,NA,NA,NA,K,2012,w,rot/weiss,2012-05-10
119904,61-70,w,3,33,Mischling klein,NA,NA,NA,K,2012,w,tricolor,2012-09-10
119904,61-70,w,3,33,Mischling klein,NA,NA,NA,K,2012,w,braun/weiss,2012-02-10
119966,41-50,w,7,72,Deutscher Schäfer,NA,NA,NA,I,2012,w,schwarz/braun,2012-01-10
120058,41-50,m,7,72,Rhodesian Ridgeback,NA,NA,NA,I,2012,m,braun,2012-06-10
120085,21-30,m,10,102,Labrador Retriever,NA,Golden Retriever,NA,I,2012,w,schwarz,2012-04-10
120174,31-40,w,2,21,Mops,NA,NA,NA,K,2012,m,schwarz,2012-05-10
120189,31-40,w,3,34,Mischling klein,NA,NA,NA,K,2012,w,weiss/beige,2012-04-10
120247,61-70,w,3,31,Chihuahua,NA,NA,NA,K,2012,m,weiss,2012-09-10
120269,31-40,m,12,122,Yorkshire Terrier,NA,NA,NA,K,2012,m,black/tan,2012-07-10
120330,41-50,m,7,73,Golden Retriever,NA,NA,NA,I,2012,w,weiss,2012-03-10
120399,41-50,w,7,73,Groenendael,NA,NA,NA,I,2012,w,schwarz,2012-12-10
120430,51-60,m,10,101,Mischling klein,NA,NA,NA,K,2012,w,weiss/braun/schwarz,2012-10-10
120471,51-60,m,11,119,Jack Russel Terrier,Mischling,NA,NA,K,2012,w,schwarz/weiss/braun,2012-01-10
120682,71-80,w,9,91,American Cocker Spaniel,NA,NA,NA,K,2012,m,schwarz,2012-04-10
120721,21-30,w,11,111,Pinscher,NA,Jack Russel Terrier,NA,K,2012,w,braun,2012-03-10
120733,41-50,m,7,74,Mischling gross,NA,NA,NA,I,2012,m,beige,2012-02-10
120734,61-70,m,11,119,Chihuahua,NA,NA,NA,K,2012,w,braun/weiss,2012-12-10
120734,61-70,m,11,119,Chihuahua,NA,NA,NA,K,2012,w,braun,2012-01-10
120744,31-40,w,2,24,Mischling klein,NA,NA,NA,K,2012,m,schwarz,2012-06-10
120786,31-40,w,3,34,Französische Bulldogge,NA,NA,NA,K,2012,w,schwarz/rot,2012-09-10
120831,21-30,m,11,119,Labradoodle,NA,NA,NA,I,2012,m,grau,2012-04-10
120833,51-60,w,10,102,Mischling gross,NA,NA,NA,I,2012,w,braun,2012-11-10
120845,51-60,w,11,111,Malinois,NA,NA,NA,I,2012,w,braun,2012-08-10
120860,31-40,w,9,92,Chihuahua,NA,NA,NA,K,2012,m,beige,2012-12-10
121128,51-60,w,3,34,Mischling klein,NA,NA,NA,K,2012,w,braun,2012-10-10
121455,21-30,w,11,111,Mischling klein,NA,NA,NA,K,2012,m,tricolor,2012-12-10
121500,41-50,m,6,63,Mischling gross,NA,NA,NA,I,2012,w,braun gestromt,2012-03-10
121549,51-60,m,9,92,Havaneser,NA,NA,NA,K,2012,w,schwarz/grau,2012-09-10
121787,31-40,m,11,111,Deutscher Schäfer,NA,NA,NA,I,2012,m,grau,2012-12-10
122028,71-80,w,8,83,Leonberger,NA,NA,NA,I,2012,w,löwenfarbig,2012-01-10
122048,31-40,w,6,61,Spitz,NA,NA,NA,K,2012,w,weiss,2012-12-10
122079,31-40,w,3,31,Rhodesian Ridgeback,NA,Boxer,NA,I,2012,m,braun/schwarz,2012-11-10
122151,31-40,w,5,51,Mops,NA,NA,NA,K,2012,w,beige,2012-06-10
122385,21-30,w,11,111,Labrador Retriever,NA,NA,NA,I,2012,m,blondfarben,2012-03-10
122464,41-50,m,2,23,Mischling klein,NA,NA,NA,K,2012,w,schwarz,2012-01-10
122464,41-50,m,2,23,Mischling gross,NA,NA,NA,I,2012,w,weiss,2012-05-10
122541,21-30,m,10,102,Englische Bulldogge,NA,NA,NA,I,2012,m,weiss/braun,2012-01-10
122610,41-50,m,6,61,Yorkshire Terrier,NA,NA,NA,K,2012,m,schwarz/braun/beige,2012-04-10
122648,31-40,w,7,71,Pekingese,NA,NA,NA,K,2012,w,rot/weiss,2012-07-10
122699,61-70,w,12,123,Mischling klein,NA,NA,NA,K,2012,w,weiss/beige,2012-10-10
122705,21-30,w,5,51,Zwergspitz,NA,NA,NA,K,2012,m,orange,2012-08-10
122706,21-30,w,12,123,Chihuahua,NA,NA,NA,K,2012,m,tricolor,2012-03-10
122714,21-30,m,11,119,Toypudel,NA,NA,NA,K,2012,w,schwarz,2012-02-10
122722,11-20,w,7,71,Berner Sennenhund,NA,NA,NA,I,2012,m,tricolor,2012-04-10
122723,41-50,w,11,111,Labrador Retriever,NA,NA,NA,I,2012,w,schwarz,2012-10-10
122755,51-60,m,6,61,Chihuahua,NA,Zwergpinscher,NA,K,2012,m,schwarz,2012-02-10
122760,21-30,w,9,91,Yorkshire Terrier,NA,NA,NA,K,2012,m,black/tan,2012-12-10
122771,51-60,w,1,11,Zwergrauhaardackel,NA,NA,NA,K,2012,w,schwarz,2012-01-10
122779,21-30,w,10,102,Boxer,NA,NA,NA,I,2012,m,blond/weiss,2012-05-10
122791,51-60,w,12,122,Bolonka Zwetna,NA,NA,NA,K,2012,w,zobel,2012-08-10
122797,41-50,w,2,24,Papillon,NA,NA,NA,K,2012,m,schwarz/weiss,2012-03-10
122804,41-50,m,12,122,Zwergpinscher,NA,Rehpinscher,NA,K,2012,w,schwarz/braun,2012-02-10
122815,41-50,w,8,83,Australian Shepherd,NA,NA,NA,I,2012,w,tricolor,2012-12-10
122830,21-30,w,4,42,Mops,NA,NA,NA,K,2012,m,beige,2012-07-10
122859,41-50,w,6,61,Englische Bulldogge,NA,NA,NA,I,2012,m,braun/schwarz/weiss,2012-06-10
122868,31-40,w,7,73,English Cocker Spaniel,NA,NA,NA,K,2012,w,braun/weiss,2012-08-10
122873,31-40,w,9,92,Chihuahua,NA,NA,NA,K,2012,w,creme,2012-09-10
122916,31-40,m,9,92,Jack Russel Terrier,NA,NA,NA,K,2012,w,tricolor,2012-01-10
122918,21-30,w,3,34,Französische Bulldogge,NA,NA,NA,K,2012,w,blau,2012-05-10
122921,31-40,m,4,44,Zwergpinscher,NA,NA,NA,K,2012,m,schwarz/braun,2012-06-10
122926,41-50,w,7,73,Riesenschnauzer,NA,NA,NA,I,2012,w,schwarz,2012-04-10
122928,41-50,w,3,34,Malteser,NA,NA,NA,K,2012,m,weiss,2012-10-10
122935,31-40,m,2,21,Chihuahua,NA,NA,NA,K,2012,m,schwarz,2012-03-10
122935,31-40,m,2,21,Chihuahua,NA,NA,NA,K,2012,m,grau,2012-09-10
122956,51-60,m,12,122,Mischling klein,NA,NA,NA,K,2012,w,braun,2012-11-10
122961,41-50,m,7,72,Deutsche Dogge,NA,NA,NA,I,2012,w,brindle,2012-09-10
122969,51-60,w,8,83,Jack Russel Terrier,NA,NA,NA,K,2012,m,tricolor,2012-12-10
122972,21-30,w,5,52,Cimarron Uruguayo,NA,NA,NA,I,2012,m,beige gestromt,2012-01-10
122974,41-50,w,11,111,English Toy Terrier,NA,NA,NA,K,2012,m,black/tan,2012-01-10
122977,51-60,m,4,44,Pekingese,Mischling,NA,NA,K,2012,w,braun,2012-05-10
122986,21-30,w,9,92,Chihuahua,NA,NA,NA,K,2012,m,sable,2012-06-10
123009,31-40,w,2,21,Terrier,Mischling,NA,NA,K,2012,m,schwarz/weiss,2012-11-10
123010,61-70,w,11,119,Yorkshire Terrier,NA,NA,NA,K,2012,m,black/tan,2012-08-10
123012,41-50,w,7,74,Mischling gross,NA,NA,NA,I,2012,m,schwarz/braun/weiss,2012-03-10
123020,61-70,w,6,61,Toy Pudel,NA,NA,NA,K,2012,m,apricot,2012-02-10
123027,71-80,w,6,63,Shih Tzu,NA,NA,NA,K,2012,m,weiss,2012-07-10
123034,31-40,w,11,119,Mischling klein,NA,NA,NA,K,2012,w,schwarz,2012-01-10
123101,31-40,w,7,74,Dachshund,NA,NA,NA,K,2012,w,schwarz/braun,2012-11-10
123103,51-60,w,3,31,Labrador Retriever,Mischling,NA,NA,I,2012,w,blondfarben,2012-08-10
123137,21-30,w,9,92,Zwergspitz,NA,NA,NA,K,2012,w,creme,2012-01-10
123141,41-50,m,5,51,Zwergspitz,NA,NA,NA,K,2012,m,dunkelbraun,2012-05-10
123143,31-40,w,10,101,Cocker Spaniel,NA,NA,NA,K,2012,w,schwarz,2012-06-10
123188,61-70,m,2,24,Dachshund,NA,NA,NA,K,2012,m,saufarben,2012-10-10
123206,31-40,m,6,61,Französische Bulldogge,NA,NA,NA,K,2012,m,weiss/schwarz,2012-07-10
123209,31-40,w,4,44,Chihuahua,Mischling,NA,NA,K,2012,w,schwarz,2012-01-10
123221,71-80,w,9,92,Tibet Terrier,NA,Schnauzer,NA,I,2012,w,schwarz/grau,2012-06-10
123222,41-50,m,9,92,Pudel,NA,Deutsch Drahthaar,NA,I,2012,w,weiss/beige,2012-04-10
123223,41-50,w,2,24,Border Terrier,NA,NA,NA,K,2012,m,red grizzle,2012-10-10
123288,21-30,m,11,115,Dobermann,NA,Jack Russel Terrier,NA,I,2012,w,schwarz/braun,2012-05-10
123292,21-30,w,12,123,Zwergpinscher,NA,NA,NA,K,2012,m,schwarz,2012-06-10
123295,21-30,w,11,119,Französische Bulldogge,NA,NA,NA,K,2012,w,schwarz/braun/rot,2012-04-10
123307,51-60,w,3,34,Airedale Terrier,NA,NA,NA,I,2012,w,braun/schwarz,2012-10-10
123326,31-40,w,6,63,Parson Terrier,NA,NA,NA,K,2012,m,tricolor,2012-08-10
123342,51-60,w,6,61,Berner Sennenhund,NA,NA,NA,I,2012,m,tricolor,2012-09-10
123471,41-50,w,12,121,Mischling klein,NA,NA,NA,K,2012,m,schwarz/braun,2012-01-10
123597,21-30,w,4,42,Mops,NA,NA,NA,K,2012,m,beige,2012-02-10
123637,11-20,w,9,92,Mischling gross,NA,NA,NA,I,2012,m,braun,2012-03-10
123680,41-50,w,4,44,Rehpinscher,NA,Chihuahua,NA,K,2012,m,hellbraun,2012-12-10
123703,51-60,w,7,72,Foxterrier,NA,NA,NA,K,2012,m,tricolor,2012-10-10
123717,51-60,w,7,72,Neufundländer,NA,NA,NA,I,2012,w,schwarz,2012-09-10
123754,21-30,m,10,102,Boxer,NA,NA,NA,I,2012,m,gestromt,2012-01-10
123888,31-40,w,8,81,Französische Bulldogge,NA,NA,NA,K,2012,m,fawn,2012-01-10
123943,31-40,m,1,11,Yorkshire Terrier,NA,NA,NA,K,2012,m,schwarz/braun,2012-03-10
123969,21-30,w,5,51,Boston Terrier,NA,NA,NA,K,2012,w,schwarz/weiss,2012-10-10
124241,41-50,m,12,123,Chihuahua,NA,NA,NA,K,2012,w,schwarz/braun,2012-09-10
124242,31-40,w,2,24,Dachshund,NA,NA,NA,K,2012,w,braun,2012-12-10
124243,21-30,m,12,123,Französische Bulldogge,NA,NA,NA,K,2012,m,dunkel gestromt,2012-07-10
124402,71-80,w,6,61,Mischling klein,NA,NA,NA,K,2012,w,beige/schwarz,2012-02-10
124426,31-40,w,3,33,Zwergspitz,NA,Pomeranian,NA,K,2012,w,schwarz/weiss,2012-05-10
124535,21-30,w,11,115,Collie,NA,NA,NA,I,2012,w,gold/sable,2012-02-10
124587,51-60,w,2,21,Mischling klein,NA,NA,NA,K,2012,m,braun,2012-03-10
124652,31-40,w,8,82,Schnauzer,Mischling,NA,NA,I,2012,w,schwarz,2012-07-10
124730,61-70,w,3,31,Border,Mischling,NA,NA,I,2012,w,schwarz/weiss,2012-05-10
124767,41-50,m,4,42,Dackel,NA,Beagle,NA,K,2012,w,weiss/braun,2012-12-10
124784,31-40,m,10,101,Yorkshire Terrier,NA,NA,NA,K,2012,m,schwarz/braun,2012-01-10
125074,21-30,w,2,21,Jack Russel Terrier,Mischling,NA,NA,K,2012,w,weiss/braun,2012-01-10
125329,31-40,w,11,119,Mischling klein,NA,NA,NA,K,2012,w,beige,2012-05-10
125472,51-60,w,11,119,Mischling klein,NA,NA,NA,K,2012,m,hellbraun,2012-03-10
125643,31-40,w,6,61,Malteser,NA,NA,NA,K,2012,w,weiss,2012-09-10
125661,21-30,w,7,72,Border Collie,NA,Bergamasker,NA,I,2012,m,schwarz/weiss,2012-01-10
125663,51-60,w,5,51,Grosspudel,NA,NA,NA,I,2012,m,schwarz,2012-01-10
125738,51-60,w,10,102,Chihuahua,NA,NA,NA,K,2012,m,beige/weiss,2012-01-10
126020,61-70,w,6,63,Welsh Corgi,Mischling,NA,NA,K,2012,m,weizen,2012-04-10
126147,41-50,m,3,33,Mastiff,NA,NA,NA,I,2012,m,gestromt,2012-11-10
126428,51-60,w,7,74,Altdeutscher Schäfer,NA,NA,NA,I,2012,w,silbergrau,2012-10-10
126607,51-60,m,11,115,Nackthund,NA,NA,NA,K,2012,w,schwarz,2012-10-10
126687,31-40,m,7,72,Zwergschnauzer,NA,NA,NA,K,2012,w,schwarz/grau,2012-12-10
126907,41-50,w,5,52,American Bulldog,NA,NA,NA,I,2012,m,weiss/schwarz,2012-12-10
127077,71-80,w,6,63,Akita Inu,NA,NA,NA,I,2012,w,sable,2012-09-10
127647,21-30,w,12,123,Mischling gross,NA,NA,NA,I,2012,m,weiss/schwarz,2012-03-10
128089,31-40,m,10,101,Whippet,NA,NA,NA,I,2012,m,beige,2012-06-10
128345,21-30,m,6,63,Terrier,Mischling,NA,NA,K,2012,w,braun/schwarz,2012-07-10
128678,31-40,m,11,111,Old Englische Bulldogge,NA,NA,NA,I,2012,w,tricolor,2012-08-10
128688,31-40,w,10,101,Terrier,NA,NA,NA,K,2012,w,beige,2012-12-10
128716,51-60,m,12,123,Chihuahua,NA,NA,NA,K,2012,w,braun,2012-01-10
128971,21-30,w,12,122,Mischling klein,NA,NA,NA,K,2012,w,hell-/dunkelbraun,2012-02-10
129252,31-40,m,4,41,Mischling klein,NA,NA,NA,K,2012,m,weiss/braun,2012-03-10
129254,31-40,w,8,82,Golden Retriever,NA,NA,NA,I,2012,m,golden,2012-09-10
129255,21-30,w,4,42,Französische Bulldogge,NA,NA,NA,K,2012,m,schwarz/weiss,2012-02-10
129628,21-30,w,5,52,Chihuahua,NA,NA,NA,K,2012,w,black/tan,2012-12-10
129687,41-50,w,2,23,Jack Russel Terrier,Mischling,NA,NA,K,2012,w,tricolor,2012-03-10
129694,31-40,w,8,81,Mischling klein,NA,NA,NA,K,2012,w,schwarz/beige,2012-02-10
129740,31-40,m,7,74,Beagle,NA,NA,NA,K,2012,w,tricolor,2012-05-10
129963,11-20,w,11,111,Chihuahua,NA,NA,NA,K,2012,w,beige,2012-05-10
130236,51-60,w,7,71,Dachshund,NA,NA,NA,K,2012,m,braun,2012-11-10
130277,31-40,m,1,14,Golden Retriever,NA,NA,NA,I,2012,w,golden,2012-05-10
130329,31-40,m,2,24,Malinois,NA,NA,NA,I,2012,w,braun/schwarz,2012-08-10
130368,71-80,w,8,82,Bolonka Zwetna,NA,NA,NA,K,2012,m,zobel,2012-01-10
130400,31-40,m,10,101,Chihuahua,NA,NA,NA,K,2012,w,beige,2012-11-10
130401,31-40,w,11,115,Yorkshire Terrier,NA,NA,NA,K,2012,w,black/tan,2012-08-10
130479,21-30,w,3,34,Mischling gross,NA,NA,NA,I,2012,m,weiss/braun/schwarz,2012-11-10
130540,41-50,m,11,115,Yorkshire Terrier,NA,NA,NA,K,2012,w,blue/tan,2012-01-10
130624,21-30,m,3,34,Husky,Mischling,NA,NA,I,2012,w,weiss,2012-09-10
130662,31-40,m,11,115,Zwergpinscher,NA,Rehpinscher,NA,K,2012,w,hellbraun,2012-12-10
130664,21-30,w,2,24,Ratenero Bodeguero,NA,NA,NA,I,2012,m,tricolor,2012-07-10
130750,41-50,w,3,31,Mischling klein,NA,NA,NA,K,2012,m,weiss/braun,2012-03-10
130780,51-60,m,2,24,Chihuahua,NA,NA,NA,K,2012,w,braun/schwarz,2012-01-10
131055,71-80,w,2,23,Havaneser,Mischling,NA,NA,K,2012,m,weiss/grau,2012-07-10
131111,31-40,w,6,61,Mischling gross,NA,NA,NA,I,2012,w,braun/schwarz,2012-03-10
131444,21-30,w,8,81,Rhodesian Ridgeback,NA,Boxer,NA,I,2012,m,braun,2012-02-10
131669,31-40,w,6,63,Jack Russel Terrier,NA,NA,NA,K,2012,m,weiss/braun,2012-10-10
131883,21-30,w,11,119,Chihuahua,NA,NA,NA,K,2012,w,hellbraun,2012-03-10
131890,11-20,w,7,74,Mischling klein,NA,NA,NA,K,2012,m,schwarz/weiss,2012-02-10
132178,51-60,m,12,121,Malteser,NA,NA,NA,K,2012,m,weiss,2012-10-10
132269,31-40,w,6,61,Zwergschnauzer,NA,NA,NA,K,2012,w,weiss,2012-11-10
132276,21-30,m,4,44,Beagle,NA,NA,NA,K,2012,m,tricolor,2012-12-10
132286,31-40,m,2,21,Mischling klein,NA,NA,NA,K,2012,w,schwarz,2012-10-10
132317,21-30,w,11,119,Französische Bulldogge,NA,NA,NA,K,2012,m,schwarz/weiss,2012-10-10
132374,21-30,m,11,119,Appenzeller,Mischling,NA,NA,I,2012,m,braun/weiss,2012-11-10
132381,41-50,w,3,31,Bergamasker,Mischling,NA,NA,I,2012,m,braun/weiss,2012-09-10
132403,31-40,m,9,92,Whippet,NA,NA,NA,I,2012,m,sandfarbig,2012-06-10
132461,31-40,w,2,24,Parson Russell Terrier,NA,NA,NA,K,2012,w,weiss/braun,2012-12-10
132492,21-30,w,3,31,Boxer,NA,Jack Russel Terrier,NA,I,2012,m,braun/weiss,2012-05-10
132707,21-30,w,7,74,Chihuahua,NA,NA,NA,K,2012,w,schwarz/braun,2012-05-10
132911,61-70,w,4,42,Malteser,Mischling,NA,NA,K,2012,w,weiss/beige,2012-06-10
133205,41-50,w,7,74,Cairn Terrier,NA,NA,NA,K,2012,w,sandfarbig,2012-01-10
133319,21-30,w,5,51,Französische Bulldogge,NA,NA,NA,K,2012,w,schwarz gestromt,2012-02-10
133362,51-60,w,12,123,Deutscher Schäfer,NA,NA,NA,I,2012,m,schwarz,2012-10-10
133432,21-30,m,7,74,Französische Bulldogge,NA,NA,NA,K,2012,m,schwarz gestromt,2012-09-10
133667,21-30,w,9,91,Labrador Retriever,Mischling,NA,NA,I,2012,m,weiss,2012-09-10
133670,21-30,w,4,42,Französische Bulldogge,NA,NA,NA,K,2012,m,gelb/braun,2012-12-10
133759,21-30,w,12,123,Chihuahua,NA,NA,NA,K,2012,m,creme,2012-07-10
134142,31-40,m,9,92,Chihuahua,NA,Manchester Terrier,NA,K,2012,m,tricolor,2012-06-10
134317,31-40,m,2,21,Labrador Retriever,NA,Terrier,NA,I,2012,m,schwarz,2012-01-10
134318,41-50,w,2,24,Mischling klein,NA,NA,NA,K,2012,w,schwarz,2012-06-10
134832,41-50,m,1,11,Bernhardiner,NA,NA,NA,I,2012,w,weiss/braun/schwarz,2012-01-10
134980,51-60,w,3,31,Shih Tzu,NA,NA,NA,K,2012,w,schwarz/weiss,2012-02-10
135042,31-40,m,4,44,Mops,NA,NA,NA,K,2012,m,braun,2012-11-10
135276,31-40,w,3,34,Cocker Spaniel,NA,NA,NA,K,2012,w,schwarz,2012-02-10
135347,31-40,w,4,44,Mischling klein,NA,NA,NA,K,2012,m,schwarz,2012-10-10
135464,31-40,w,10,101,Berger blanc Suisse,NA,NA,NA,I,2012,m,weiss,2012-12-10
135676,31-40,w,8,81,Berner Sennenhund,NA,NA,NA,I,2012,w,tricolor,2012-12-10
135697,31-40,m,10,102,Labrador Retriever,Mischling,NA,NA,I,2012,m,braun/weiss,2012-10-10
